{
  "10": {
    "1001": {
      "name_th": "พระนคร",
      "name_en": "Phra Nakhon"
    },
    "1002": {
      "name_th": "ดุสิต",
      "name_en": "Dusit"
    },
    "1003": {
      "name_th": "หนองจอก",
      "name_en": "Nong Chok"
    },
    "1004": {
      "name_th": "บางรัก",
      "name_en": "Bang Rak"
    },
    "1005": {
      "name_th": "บางเขน",
      "name_en": "Bang Khen"
    },
    "1006": {
      "name_th": "บางกะปิ",
      "name_en": "Bang Kapi"
    },
    "1007": {
      "name_th": "ปทุมวัน",
      "name_en": "Pathum Wan"
    },
    "1008": {
      "name_th": "ป้อมปราบศัตรูพ่าย",
      "name_en": "Pom Prap Sattru Phai"
    },
    "1009": {
      "name_th": "พระโขนง",
      "name_en": "Phra Khanong"
    },
    "1010": {
      "name_th": "มีนบุรี",
      "name_en": "Min Buri"
    },
    "1011": {
      "name_th": "ลาดกระบัง",
      "name_en": "Lat Krabang"
    },
    "1012": {
      "name_th": "ยานนาวา",
      "name_en": "Yan Nawa"
    },
    "1013": {
      "name_th": "สัมพันธวงศ์",
      "name_en": "Samphanthawong"
    },
    "1014": {
      "name_th": "พญาไท",
      "name_en": "Phaya Thai"
    },
    "1015": {
      "name_th": "ธนบุรี",
      "name_en": "Thon Buri"
    },
    "1016": {
      "name_th": "บางกอกใหญ่",
      "name_en": "Bangkok Yai"
    },
    "1017": {
      "name_th": "ห้วยขวาง",
      "name_en": "Huai Khwang"
    },
    "1018": {
      "name_th": "คลองสาน",
      "name_en": "Khlong San"
    },
    "1019": {
      "name_th": "ตลิ่งชัน",
      "name_en": "Taling Chan"
    },
    "1020": {
      "name_th": "บางกอกน้อย",
      "name_en": "Bangkok Noi"
    },
    "1021": {
      "name_th": "บางขุนเทียน",
      "name_en": "Bang Khun Thian"
    },
    "1022": {
      "name_th": "ภาษีเจริญ",
      "name_en": "Phasi Charoen"
    },
    "1023": {
      "name_th": "หนองแขม",
      "name_en": "Nong Khaem"
    },
    "1024": {
      "name_th": "ราษฎร์บูรณะ",
      "name_en": "Rat Burana"
    },
    "1025": {
      "name_th": "บางพลัด",
      "name_en": "Bang Phlat"
    },
    "1026": {
      "name_th": "ดินแดง",
      "name_en": "Din Daeng"
    },
    "1027": {
      "name_th": "บึงกุ่ม",
      "name_en": "Bueng Kum"
    },
    "1028": {
      "name_th": "สาทร",
      "name_en": "Sathon"
    },
    "1029": {
      "name_th": "บางซื่อ",
      "name_en": "Bang Sue"
    },
    "1030": {
      "name_th": "จตุจักร",
      "name_en": "Chatuchak"
    },
    "1031": {
      "name_th": "บางคอแหลม",
      "name_en": "Bang Kho Laem"
    },
    "1032": {
      "name_th": "ประเวศ",
      "name_en": "Prawet"
    },
    "1033": {
      "name_th": "คลองเตย",
      "name_en": "Khlong Toei"
    },
    "1034": {
      "name_th": "สวนหลวง",
      "name_en": "Suan Luang"
    },
    "1035": {
      "name_th": "จอมทอง",
      "name_en": "Chom Thong"
    },
    "1036": {
      "name_th": "ดอนเมือง",
      "name_en": "Don Mueang"
    },
    "1037": {
      "name_th": "ราชเทวี",
      "name_en": "Ratchathewi"
    },
    "1038": {
      "name_th": "ลาดพร้าว",
      "name_en": "Lat Phrao"
    },
    "1039": {
      "name_th": "วัฒนา",
      "name_en": "Vadhana"
    },
    "1040": {
      "name_th": "บางแค",
      "name_en": "Bang Khae"
    },
    "1041": {
      "name_th": "หลักสี่",
      "name_en": "Lak Si"
    },
    "1042": {
      "name_th": "สายไหม",
      "name_en": "Sai Mai"
    },
    "1043": {
      "name_th": "คันนายาว",
      "name_en": "Khan Na Yao"
    },
    "1044": {
      "name_th": "สะพานสูง",
      "name_en": "Saphan Sung"
    },
    "1045": {
      "name_th": "วังทองหลาง",
      "name_en": "Wang Thonglang"
    },
    "1046": {
      "name_th": "คลองสามวา",
      "name_en": "Khlong Sam Wa"
    },
    "1047": {
      "name_th": "บางนา",
      "name_en": "Bang Na"
    },
    "1048": {
      "name_th": "ทวีวัฒนา",
      "name_en": "Thawi Watthana"
    },
    "1049": {
      "name_th": "ทุ่งครุ",
      "name_en": "Thung Khru"
    },
    "1050": {
      "name_th": "บางบอน",
      "name_en": "Bang Bon"
    },
    "1081": {
      "name_th": "บ้านทะวาย",
      "name_en": "Ban Thawai"
    },
    "1099": {
      "name_th": "สำนักทะเบียนกลาง",
      "name_en": " "
    }
  },
  "11": {
    "1101": {
      "name_th": "เมืองสมุทรปราการ",
      "name_en": "Mueang Samut Prakan"
    },
    "1102": {
      "name_th": "บางบ่อ",
      "name_en": "Bang Bo"
    },
    "1103": {
      "name_th": "บางพลี",
      "name_en": "Bang Phli"
    },
    "1104": {
      "name_th": "พระประแดง",
      "name_en": "Phra Pradaeng"
    },
    "1105": {
      "name_th": "พระสมุทรเจดีย์",
      "name_en": "Phra Samut Chedi"
    },
    "1106": {
      "name_th": "บางเสาธง",
      "name_en": "Bang Sao Thong"
    }
  },
  "12": {
    "1201": {
      "name_th": "เมืองนนทบุรี",
      "name_en": "Mueang Nonthaburi"
    },
    "1202": {
      "name_th": "บางกรวย",
      "name_en": "Bang Kruai"
    },
    "1203": {
      "name_th": "บางใหญ่",
      "name_en": "Bang Yai"
    },
    "1204": {
      "name_th": "บางบัวทอง",
      "name_en": "Bang Bua Thong"
    },
    "1205": {
      "name_th": "ไทรน้อย",
      "name_en": "Sai Noi"
    },
    "1206": {
      "name_th": "ปากเกร็ด",
      "name_en": "Pak Kret"
    },
    "1251": {
      "name_th": "เทศบาลนครนนทบุรี (สาขาแขวงท่าทราย)",
      "name_en": "Nonthaburi City Municipality (Tha Sai Branch)"
    },
    "1297": {
      "name_th": "เทศบาลเมืองปากเกร็ด",
      "name_en": "Pak Kret Town Municipality"
    }
  },
  "13": {
    "1301": {
      "name_th": "เมืองปทุมธานี",
      "name_en": "Mueang Pathum Thani"
    },
    "1302": {
      "name_th": "คลองหลวง",
      "name_en": "Khlong Luang"
    },
    "1303": {
      "name_th": "ธัญบุรี",
      "name_en": "Thanyaburi"
    },
    "1304": {
      "name_th": "หนองเสือ",
      "name_en": "Nong Suea"
    },
    "1305": {
      "name_th": "ลาดหลุมแก้ว",
      "name_en": "Lat Lum Kaeo"
    },
    "1306": {
      "name_th": "ลำลูกกา",
      "name_en": "Lam Luk Ka"
    },
    "1307": {
      "name_th": "สามโคก",
      "name_en": "Sam Khok"
    },
    "1351": {
      "name_th": "ลำลูกกา (สาขาตำบลคูคต)",
      "name_en": "Lam Luk Ka (Khu Khot Branch)"
    }
  },
  "14": {
    "1401": {
      "name_th": "พระนครศรีอยุธยา",
      "name_en": "Phra Nakhon Si Ayutthaya"
    },
    "1402": {
      "name_th": "ท่าเรือ",
      "name_en": "Tha Ruea"
    },
    "1403": {
      "name_th": "นครหลวง",
      "name_en": "Nakhon Luang"
    },
    "1404": {
      "name_th": "บางไทร",
      "name_en": "Bang Sai"
    },
    "1405": {
      "name_th": "บางบาล",
      "name_en": "Bang Ban"
    },
    "1406": {
      "name_th": "บางปะอิน",
      "name_en": "Bang Pa-in"
    },
    "1407": {
      "name_th": "บางปะหัน",
      "name_en": "Bang Pahan"
    },
    "1408": {
      "name_th": "ผักไห่",
      "name_en": "Phak Hai"
    },
    "1409": {
      "name_th": "ภาชี",
      "name_en": "Phachi"
    },
    "1410": {
      "name_th": "ลาดบัวหลวง",
      "name_en": "Lat Bua Luang"
    },
    "1411": {
      "name_th": "วังน้อย",
      "name_en": "Wang Noi"
    },
    "1412": {
      "name_th": "เสนา",
      "name_en": "Sena"
    },
    "1413": {
      "name_th": "บางซ้าย",
      "name_en": "Bang Saai"
    },
    "1414": {
      "name_th": "อุทัย",
      "name_en": "Uthai"
    },
    "1415": {
      "name_th": "มหาราช",
      "name_en": "Maha Rat"
    },
    "1416": {
      "name_th": "บ้านแพรก",
      "name_en": "Ban Phraek"
    }
  },
  "15": {
    "1501": {
      "name_th": "เมืองอ่างทอง",
      "name_en": "Mueang Ang Thong"
    },
    "1502": {
      "name_th": "ไชโย",
      "name_en": "Chaiyo"
    },
    "1503": {
      "name_th": "ป่าโมก",
      "name_en": "Pa Mok"
    },
    "1504": {
      "name_th": "โพธิ์ทอง",
      "name_en": "Pho Thong"
    },
    "1505": {
      "name_th": "แสวงหา",
      "name_en": "Sawaeng Ha"
    },
    "1506": {
      "name_th": "วิเศษชัยชาญ",
      "name_en": "Wiset Chai Chan"
    },
    "1507": {
      "name_th": "สามโก้",
      "name_en": "Samko"
    }
  },
  "16": {
    "1601": {
      "name_th": "เมืองลพบุรี",
      "name_en": "Mueang Lop Buri"
    },
    "1602": {
      "name_th": "พัฒนานิคม",
      "name_en": "Phatthana Nikhom"
    },
    "1603": {
      "name_th": "โคกสำโรง",
      "name_en": "Khok Samrong"
    },
    "1604": {
      "name_th": "ชัยบาดาล",
      "name_en": "Chai Badan"
    },
    "1605": {
      "name_th": "ท่าวุ้ง",
      "name_en": "Tha Wung"
    },
    "1606": {
      "name_th": "บ้านหมี่",
      "name_en": "Ban Mi"
    },
    "1607": {
      "name_th": "ท่าหลวง",
      "name_en": "Tha Luang"
    },
    "1608": {
      "name_th": "สระโบสถ์",
      "name_en": "Sa Bot"
    },
    "1609": {
      "name_th": "โคกเจริญ",
      "name_en": "Khok Charoen"
    },
    "1610": {
      "name_th": "ลำสนธิ",
      "name_en": "Lam Sonthi"
    },
    "1611": {
      "name_th": "หนองม่วง",
      "name_en": "Nong Muang"
    },
    "1681": {
      "name_th": "อ.บ้านเช่า  จ.ลพบุรี",
      "name_en": " "
    }
  },
  "17": {
    "1701": {
      "name_th": "เมืองสิงห์บุรี",
      "name_en": "Mueang Sing Buri"
    },
    "1702": {
      "name_th": "บางระจัน",
      "name_en": "Bang Rachan"
    },
    "1703": {
      "name_th": "ค่ายบางระจัน",
      "name_en": "Khai Bang Rachan"
    },
    "1704": {
      "name_th": "พรหมบุรี",
      "name_en": "Phrom Buri"
    },
    "1705": {
      "name_th": "ท่าช้าง",
      "name_en": "Tha Chang"
    },
    "1706": {
      "name_th": "อินทร์บุรี",
      "name_en": "In Buri"
    }
  },
  "18": {
    "1801": {
      "name_th": "เมืองชัยนาท",
      "name_en": "Mueang Chai Nat"
    },
    "1802": {
      "name_th": "มโนรมย์",
      "name_en": "Manorom"
    },
    "1803": {
      "name_th": "วัดสิงห์",
      "name_en": "Wat Sing"
    },
    "1804": {
      "name_th": "สรรพยา",
      "name_en": "Sapphaya"
    },
    "1805": {
      "name_th": "สรรคบุรี",
      "name_en": "Sankhaburi"
    },
    "1806": {
      "name_th": "หันคา",
      "name_en": "Hankha"
    },
    "1807": {
      "name_th": "หนองมะโมง",
      "name_en": "Nong Mamong"
    },
    "1808": {
      "name_th": "เนินขาม",
      "name_en": "Noen Kham"
    }
  },
  "19": {
    "1901": {
      "name_th": "เมืองสระบุรี",
      "name_en": "Mueang Saraburi"
    },
    "1902": {
      "name_th": "แก่งคอย",
      "name_en": "Kaeng Khoi"
    },
    "1903": {
      "name_th": "หนองแค",
      "name_en": "Nong Khae"
    },
    "1904": {
      "name_th": "วิหารแดง",
      "name_en": "Wihan Daeng"
    },
    "1905": {
      "name_th": "หนองแซง",
      "name_en": "Nong Saeng"
    },
    "1906": {
      "name_th": "บ้านหมอ",
      "name_en": "Ban Mo"
    },
    "1907": {
      "name_th": "ดอนพุด",
      "name_en": "Don Phut"
    },
    "1908": {
      "name_th": "หนองโดน",
      "name_en": "Nong Don"
    },
    "1909": {
      "name_th": "พระพุทธบาท",
      "name_en": "Phra Phutthabat"
    },
    "1910": {
      "name_th": "เสาไห้",
      "name_en": "Sao Hai"
    },
    "1911": {
      "name_th": "มวกเหล็ก",
      "name_en": "Muak Lek"
    },
    "1912": {
      "name_th": "วังม่วง",
      "name_en": "Wang Muang"
    },
    "1913": {
      "name_th": "เฉลิมพระเกียรติ",
      "name_en": "Chaloem Phra Kiat"
    }
  },
  "20": {
    "2001": {
      "name_th": "เมืองชลบุรี",
      "name_en": "Mueang Chon Buri"
    },
    "2002": {
      "name_th": "บ้านบึง",
      "name_en": "Ban Bueng"
    },
    "2003": {
      "name_th": "หนองใหญ่",
      "name_en": "Nong Yai"
    },
    "2004": {
      "name_th": "บางละมุง",
      "name_en": "Bang Lamung"
    },
    "2005": {
      "name_th": "พานทอง",
      "name_en": "Phan Thong"
    },
    "2006": {
      "name_th": "พนัสนิคม",
      "name_en": "Phanat Nikhom"
    },
    "2007": {
      "name_th": "ศรีราชา",
      "name_en": "Si Racha"
    },
    "2008": {
      "name_th": "เกาะสีชัง",
      "name_en": "Ko Sichang"
    },
    "2009": {
      "name_th": "สัตหีบ",
      "name_en": "Sattahip"
    },
    "2010": {
      "name_th": "บ่อทอง",
      "name_en": "Bo Thong"
    },
    "2011": {
      "name_th": "เกาะจันทร์",
      "name_en": "Ko Chan"
    },
    "2051": {
      "name_th": "สัตหีบ (สาขาตำบลบางเสร่)",
      "name_en": "Sattahip (Bang Sare Branch)"
    },
    "2072": {
      "name_th": "ท้องถิ่นเทศบาลเมืองหนองปรือ",
      "name_en": "Nong Prue Town Municipality"
    },
    "2093": {
      "name_th": "เทศบาลตำบลแหลมฉบัง",
      "name_en": "Laem Chabang Sub-district Municipality"
    },
    "2099": {
      "name_th": "เทศบาลเมืองชลบุรี",
      "name_en": "Chon Buri Town Municipality"
    }
  },
  "21": {
    "2101": {
      "name_th": "เมืองระยอง",
      "name_en": "Mueang Rayong"
    },
    "2102": {
      "name_th": "บ้านฉาง",
      "name_en": "Ban Chang"
    },
    "2103": {
      "name_th": "แกลง",
      "name_en": "Klaeng"
    },
    "2104": {
      "name_th": "วังจันทร์",
      "name_en": "Wang Chan"
    },
    "2105": {
      "name_th": "บ้านค่าย",
      "name_en": "Ban Khai"
    },
    "2106": {
      "name_th": "ปลวกแดง",
      "name_en": "Pluak Daeng"
    },
    "2107": {
      "name_th": "เขาชะเมา",
      "name_en": "Khao Chamao"
    },
    "2108": {
      "name_th": "นิคมพัฒนา",
      "name_en": "Nikhom Phatthana"
    },
    "2151": {
      "name_th": "สาขาตำบลมาบข่า",
      "name_en": "Map Kha Branch"
    }
  },
  "22": {
    "2201": {
      "name_th": "เมืองจันทบุรี",
      "name_en": "Mueang Chanthaburi"
    },
    "2202": {
      "name_th": "ขลุง",
      "name_en": "Khlung"
    },
    "2203": {
      "name_th": "ท่าใหม่",
      "name_en": "Tha Mai"
    },
    "2204": {
      "name_th": "โป่งน้ำร้อน",
      "name_en": "Pong Nam Ron"
    },
    "2205": {
      "name_th": "มะขาม",
      "name_en": "Makham"
    },
    "2206": {
      "name_th": "แหลมสิงห์",
      "name_en": "Laem Sing"
    },
    "2207": {
      "name_th": "สอยดาว",
      "name_en": "Soi Dao"
    },
    "2208": {
      "name_th": "แก่งหางแมว",
      "name_en": "Kaeng Hang Maeo"
    },
    "2209": {
      "name_th": "นายายอาม",
      "name_en": "Na Yai Am"
    },
    "2210": {
      "name_th": "เขาคิชฌกูฏ",
      "name_en": "Khao Khitchakut"
    },
    "2281": {
      "name_th": "กิ่ง อ.กำพุธ\tจ.จันทบุรี",
      "name_en": " "
    }
  },
  "23": {
    "2301": {
      "name_th": "เมืองตราด",
      "name_en": "Mueang Trat"
    },
    "2302": {
      "name_th": "คลองใหญ่",
      "name_en": "Khlong Yai"
    },
    "2303": {
      "name_th": "เขาสมิง",
      "name_en": "Khao Saming"
    },
    "2304": {
      "name_th": "บ่อไร่",
      "name_en": "Bo Rai"
    },
    "2305": {
      "name_th": "แหลมงอบ",
      "name_en": "Laem Ngop"
    },
    "2306": {
      "name_th": "เกาะกูด",
      "name_en": "Ko Kut"
    },
    "2307": {
      "name_th": "เกาะช้าง",
      "name_en": "Ko Chang"
    }
  },
  "24": {
    "2401": {
      "name_th": "เมืองฉะเชิงเทรา",
      "name_en": "Mueang Chachoengsao"
    },
    "2402": {
      "name_th": "บางคล้า",
      "name_en": "Bang Khla"
    },
    "2403": {
      "name_th": "บางน้ำเปรี้ยว",
      "name_en": "Bang Nam Priao"
    },
    "2404": {
      "name_th": "บางปะกง",
      "name_en": "Bang Pakong"
    },
    "2405": {
      "name_th": "บ้านโพธิ์",
      "name_en": "Ban Pho"
    },
    "2406": {
      "name_th": "พนมสารคาม",
      "name_en": "Phanom Sarakham"
    },
    "2407": {
      "name_th": "ราชสาส์น",
      "name_en": "Ratchasan"
    },
    "2408": {
      "name_th": "สนามชัย",
      "name_en": "Sanam Chai Khet"
    },
    "2409": {
      "name_th": "แปลงยาว",
      "name_en": "Plaeng Yao"
    },
    "2410": {
      "name_th": "ท่าตะเกียบ",
      "name_en": "Tha Takiap"
    },
    "2411": {
      "name_th": "คลองเขื่อน",
      "name_en": "Khlong Khuean"
    }
  },
  "25": {
    "2501": {
      "name_th": "เมืองปราจีนบุรี",
      "name_en": "Mueang Prachin Buri"
    },
    "2502": {
      "name_th": "กบินทร์บุรี",
      "name_en": "Kabin Buri"
    },
    "2503": {
      "name_th": "นาดี",
      "name_en": "Na Di"
    },
    "2504": {
      "name_th": "สระแก้ว",
      "name_en": "Sa Kaeo"
    },
    "2505": {
      "name_th": "วังน้ำเย็น",
      "name_en": "Wang Nam Yen"
    },
    "2506": {
      "name_th": "บ้านสร้าง",
      "name_en": "Ban Sang"
    },
    "2507": {
      "name_th": "ประจันตคาม",
      "name_en": "Prachantakham"
    },
    "2508": {
      "name_th": "ศรีมหาโพธิ",
      "name_en": "Si Maha Phot"
    },
    "2509": {
      "name_th": "ศรีมโหสถ",
      "name_en": "Si Mahosot"
    },
    "2510": {
      "name_th": "อรัญประเทศ",
      "name_en": "Aranyaprathet"
    },
    "2511": {
      "name_th": "ตาพระยา",
      "name_en": "Ta Phraya"
    },
    "2512": {
      "name_th": "วัฒนานคร",
      "name_en": "Watthana Nakhon"
    },
    "2513": {
      "name_th": "คลองหาด",
      "name_en": "Khlong Hat"
    }
  },
  "26": {
    "2601": {
      "name_th": "เมืองนครนายก",
      "name_en": "Mueang Nakhon Nayok"
    },
    "2602": {
      "name_th": "ปากพลี",
      "name_en": "Pak Phli"
    },
    "2603": {
      "name_th": "บ้านนา",
      "name_en": "Ban Na"
    },
    "2604": {
      "name_th": "องครักษ์",
      "name_en": "Ongkharak"
    }
  },
  "27": {
    "2701": {
      "name_th": "เมืองสระแก้ว",
      "name_en": "Mueang Sa Kaeo"
    },
    "2702": {
      "name_th": "คลองหาด",
      "name_en": "Khlong Hat"
    },
    "2703": {
      "name_th": "ตาพระยา",
      "name_en": "Ta Phraya"
    },
    "2704": {
      "name_th": "วังน้ำเย็น",
      "name_en": "Wang Nam Yen"
    },
    "2705": {
      "name_th": "วัฒนานคร",
      "name_en": "Watthana Nakhon"
    },
    "2706": {
      "name_th": "อรัญประเทศ",
      "name_en": "Aranyaprathet"
    },
    "2707": {
      "name_th": "เขาฉกรรจ์",
      "name_en": "Khao Chakan"
    },
    "2708": {
      "name_th": "โคกสูง",
      "name_en": "Khok Sung"
    },
    "2709": {
      "name_th": "วังสมบูรณ์",
      "name_en": "Wang Sombun"
    }
  },
  "30": {
    "3001": {
      "name_th": "เมืองนครราชสีมา",
      "name_en": "Mueang Nakhon Ratchasima"
    },
    "3002": {
      "name_th": "ครบุรี",
      "name_en": "Khon Buri"
    },
    "3003": {
      "name_th": "เสิงสาง",
      "name_en": "Soeng Sang"
    },
    "3004": {
      "name_th": "คง",
      "name_en": "Khong"
    },
    "3005": {
      "name_th": "บ้านเหลื่อม",
      "name_en": "Ban Lueam"
    },
    "3006": {
      "name_th": "จักราช",
      "name_en": "Chakkarat"
    },
    "3007": {
      "name_th": "โชคชัย",
      "name_en": "Chok Chai"
    },
    "3008": {
      "name_th": "ด่านขุนทด",
      "name_en": "Dan Khun Thot"
    },
    "3009": {
      "name_th": "โนนไทย",
      "name_en": "Non Thai"
    },
    "3010": {
      "name_th": "โนนสูง",
      "name_en": "Non Sung"
    },
    "3011": {
      "name_th": "ขามสะแกแสง",
      "name_en": "Kham Sakaesaeng"
    },
    "3012": {
      "name_th": "บัวใหญ่",
      "name_en": "Bua Yai"
    },
    "3013": {
      "name_th": "ประทาย",
      "name_en": "Prathai"
    },
    "3014": {
      "name_th": "ปักธงชัย",
      "name_en": "Pak Thong Chai"
    },
    "3015": {
      "name_th": "พิมาย",
      "name_en": "Phimai"
    },
    "3016": {
      "name_th": "ห้วยแถลง",
      "name_en": "Huai Thalaeng"
    },
    "3017": {
      "name_th": "ชุมพวง",
      "name_en": "Chum Phuang"
    },
    "3018": {
      "name_th": "สูงเนิน",
      "name_en": "Sung Noen"
    },
    "3019": {
      "name_th": "ขามทะเลสอ",
      "name_en": "Kham Thale So"
    },
    "3020": {
      "name_th": "สีคิ้ว",
      "name_en": "Sikhio"
    },
    "3021": {
      "name_th": "ปากช่อง",
      "name_en": "Pak Chong"
    },
    "3022": {
      "name_th": "หนองบุญมาก",
      "name_en": "Nong Bun Mak"
    },
    "3023": {
      "name_th": "แก้งสนามนาง",
      "name_en": "Kaeng Sanam Nang"
    },
    "3024": {
      "name_th": "โนนแดง",
      "name_en": "Non Daeng"
    },
    "3025": {
      "name_th": "วังน้ำเขียว",
      "name_en": "Wang Nam Khiao"
    },
    "3026": {
      "name_th": "เทพารักษ์",
      "name_en": "Thepharak"
    },
    "3027": {
      "name_th": "เมืองยาง",
      "name_en": "Mueang Yang"
    },
    "3028": {
      "name_th": "พระทองคำ",
      "name_en": "Phra Thong Kham"
    },
    "3029": {
      "name_th": "ลำทะเมนชัย",
      "name_en": "Lam Thamenchai"
    },
    "3030": {
      "name_th": "บัวลาย",
      "name_en": "Bua Lai"
    },
    "3031": {
      "name_th": "สีดา",
      "name_en": "Sida"
    },
    "3032": {
      "name_th": "เฉลิมพระเกียรติ",
      "name_en": "Chaloem Phra Kiat"
    },
    "3049": {
      "name_th": "ท้องถิ่นเทศบาลตำบลโพธิ์กลาง",
      "name_en": "Pho Klang Sub-district Municipality"
    },
    "3051": {
      "name_th": "สาขาตำบลมะค่า-พลสงคราม",
      "name_en": "Makha-Phon Songkhram Branch"
    },
    "3081": {
      "name_th": "โนนลาว",
      "name_en": "Non Lao"
    }
  },
  "31": {
    "3101": {
      "name_th": "เมืองบุรีรัมย์",
      "name_en": "Mueang Buri Ram"
    },
    "3102": {
      "name_th": "คูเมือง",
      "name_en": "Khu Mueang"
    },
    "3103": {
      "name_th": "กระสัง",
      "name_en": "Krasang"
    },
    "3104": {
      "name_th": "นางรอง",
      "name_en": "Nang Rong"
    },
    "3105": {
      "name_th": "หนองกี่",
      "name_en": "Nong Ki"
    },
    "3106": {
      "name_th": "ละหานทราย",
      "name_en": "Lahan Sai"
    },
    "3107": {
      "name_th": "ประโคนชัย",
      "name_en": "Prakhon Chai"
    },
    "3108": {
      "name_th": "บ้านกรวด",
      "name_en": "Ban Kruat"
    },
    "3109": {
      "name_th": "พุทไธสง",
      "name_en": "Phutthaisong"
    },
    "3110": {
      "name_th": "ลำปลายมาศ",
      "name_en": "Lam Plai Mat"
    },
    "3111": {
      "name_th": "สตึก",
      "name_en": "Satuek"
    },
    "3112": {
      "name_th": "ปะคำ",
      "name_en": "Pakham"
    },
    "3113": {
      "name_th": "นาโพธิ์",
      "name_en": "Na Pho"
    },
    "3114": {
      "name_th": "หนองหงส์",
      "name_en": "Nong Hong"
    },
    "3115": {
      "name_th": "พลับพลาชัย",
      "name_en": "Phlapphla Chai"
    },
    "3116": {
      "name_th": "ห้วยราช",
      "name_en": "Huai Rat"
    },
    "3117": {
      "name_th": "โนนสุวรรณ",
      "name_en": "Non Suwan"
    },
    "3118": {
      "name_th": "ชำนิ",
      "name_en": "Chamni"
    },
    "3119": {
      "name_th": "บ้านใหม่ไชยพจน์",
      "name_en": "Ban Mai Chaiyaphot"
    },
    "3120": {
      "name_th": "โนนดินแดง",
      "name_en": "Non Din Daeng"
    },
    "3121": {
      "name_th": "บ้านด่าน",
      "name_en": "Ban Dan"
    },
    "3122": {
      "name_th": "แคนดง",
      "name_en": "Khaen Dong"
    },
    "3123": {
      "name_th": "เฉลิมพระเกียรติ",
      "name_en": "Chaloem Phra Kiat"
    }
  },
  "32": {
    "3201": {
      "name_th": "เมืองสุรินทร์",
      "name_en": "Mueang Surin"
    },
    "3202": {
      "name_th": "ชุมพลบุรี",
      "name_en": "Chumphon Buri"
    },
    "3203": {
      "name_th": "ท่าตูม",
      "name_en": "Tha Tum"
    },
    "3204": {
      "name_th": "จอมพระ",
      "name_en": "Chom Phra"
    },
    "3205": {
      "name_th": "ปราสาท",
      "name_en": "Prasat"
    },
    "3206": {
      "name_th": "กาบเชิง",
      "name_en": "Kap Choeng"
    },
    "3207": {
      "name_th": "รัตนบุรี",
      "name_en": "Rattanaburi"
    },
    "3208": {
      "name_th": "สนม",
      "name_en": "Sanom"
    },
    "3209": {
      "name_th": "ศีขรภูมิ",
      "name_en": "Sikhoraphum"
    },
    "3210": {
      "name_th": "สังขะ",
      "name_en": "Sangkha"
    },
    "3211": {
      "name_th": "ลำดวน",
      "name_en": "Lamduan"
    },
    "3212": {
      "name_th": "สำโรงทาบ",
      "name_en": "Samrong Thap"
    },
    "3213": {
      "name_th": "บัวเชด",
      "name_en": "Buachet"
    },
    "3214": {
      "name_th": "พนมดงรัก",
      "name_en": "Phanom Dong Rak"
    },
    "3215": {
      "name_th": "ศรีณรงค์",
      "name_en": "Si Narong"
    },
    "3216": {
      "name_th": "เขวาสินรินทร์",
      "name_en": "Khwao Sinarin"
    },
    "3217": {
      "name_th": "โนนนารายณ์",
      "name_en": "Non Narai"
    }
  },
  "33": {
    "3301": {
      "name_th": "เมืองศรีสะเกษ",
      "name_en": "Mueang Si Sa Ket"
    },
    "3302": {
      "name_th": "ยางชุมน้อย",
      "name_en": "Yang Chum Noi"
    },
    "3303": {
      "name_th": "กันทรารมย์",
      "name_en": "Kanthararom"
    },
    "3304": {
      "name_th": "กันทรลักษ์",
      "name_en": "Kantharalak"
    },
    "3305": {
      "name_th": "ขุขันธ์",
      "name_en": "KhuKhan"
    },
    "3306": {
      "name_th": "ไพรบึง",
      "name_en": "Phrai Bueng"
    },
    "3307": {
      "name_th": "ปรางค์กู่",
      "name_en": "Prang Ku"
    },
    "3308": {
      "name_th": "ขุนหาญ",
      "name_en": "Khun Han"
    },
    "3309": {
      "name_th": "ราษีไศล",
      "name_en": "Rasi Salai"
    },
    "3310": {
      "name_th": "อุทุมพรพิสัย",
      "name_en": "Uthumphon Phisai"
    },
    "3311": {
      "name_th": "บึงบูรพ์",
      "name_en": "Bueng Bun"
    },
    "3312": {
      "name_th": "ห้วยทับทัน",
      "name_en": "Huai Thap Than"
    },
    "3313": {
      "name_th": "โนนคูณ",
      "name_en": "Non Khun"
    },
    "3314": {
      "name_th": "ศรีรัตนะ",
      "name_en": "Si Rattana"
    },
    "3315": {
      "name_th": "น้ำเกลี้ยง",
      "name_en": "Nam Kliang"
    },
    "3316": {
      "name_th": "วังหิน",
      "name_en": "Wang Hin"
    },
    "3317": {
      "name_th": "ภูสิงห์",
      "name_en": "Phu Sing"
    },
    "3318": {
      "name_th": "เมืองจันทร์",
      "name_en": "Mueang Chan"
    },
    "3319": {
      "name_th": "เบญจลักษ์",
      "name_en": "Benchalak"
    },
    "3320": {
      "name_th": "พยุห์",
      "name_en": "Phayu"
    },
    "3321": {
      "name_th": "โพธิ์ศรีสุวรรณ",
      "name_en": "Pho Si Suwan"
    },
    "3322": {
      "name_th": "ศิลาลาด",
      "name_en": "Sila Lat"
    }
  },
  "34": {
    "3401": {
      "name_th": "เมืองอุบลราชธานี",
      "name_en": "Mueang Ubon Ratchathani"
    },
    "3402": {
      "name_th": "ศรีเมืองใหม่",
      "name_en": "Si Mueang Mai"
    },
    "3403": {
      "name_th": "โขงเจียม",
      "name_en": "Khong Chiam"
    },
    "3404": {
      "name_th": "เขื่องใน",
      "name_en": "Khueang Nai"
    },
    "3405": {
      "name_th": "เขมราฐ",
      "name_en": "Khemarat"
    },
    "3406": {
      "name_th": "ชานุมาน",
      "name_en": "Chanuman"
    },
    "3407": {
      "name_th": "เดชอุดม",
      "name_en": "Det Udom"
    },
    "3408": {
      "name_th": "นาจะหลวย",
      "name_en": "Na Chaluai"
    },
    "3409": {
      "name_th": "น้ำยืน",
      "name_en": "Nam Yuen"
    },
    "3410": {
      "name_th": "บุณฑริก",
      "name_en": "Buntharik"
    },
    "3411": {
      "name_th": "ตระการพืชผล",
      "name_en": "Trakan Phuet Phon"
    },
    "3412": {
      "name_th": "กุดข้าวปุ้น",
      "name_en": "Kut Khaopun"
    },
    "3413": {
      "name_th": "พนา",
      "name_en": "Phana"
    },
    "3414": {
      "name_th": "ม่วงสามสิบ",
      "name_en": "Muang Sam Sip"
    },
    "3415": {
      "name_th": "วารินชำราบ",
      "name_en": "Warin Chamrap"
    },
    "3416": {
      "name_th": "อำนาจเจริญ",
      "name_en": "Amnat Charoen"
    },
    "3417": {
      "name_th": "เสนางคนิคม",
      "name_en": "Senangkhanikhom"
    },
    "3418": {
      "name_th": "หัวตะพาน",
      "name_en": "Hua Taphan"
    },
    "3419": {
      "name_th": "พิบูลมังสาหาร",
      "name_en": "Phibun Mangsahan"
    },
    "3420": {
      "name_th": "ตาลสุม",
      "name_en": "Tan Sum"
    },
    "3421": {
      "name_th": "โพธิ์ไทร",
      "name_en": "Pho Sai"
    },
    "3422": {
      "name_th": "สำโรง",
      "name_en": "Samrong"
    },
    "3423": {
      "name_th": "กิ่งอำเภอลืออำนาจ",
      "name_en": "Lue Amnat Minor District"
    },
    "3424": {
      "name_th": "ดอนมดแดง",
      "name_en": "Don Mot Daeng"
    },
    "3425": {
      "name_th": "สิรินธร",
      "name_en": "Sirindhorn"
    },
    "3426": {
      "name_th": "ทุ่งศรีอุดม",
      "name_en": "Thung Si Udom"
    },
    "3427": {
      "name_th": "ปทุมราชวงศา",
      "name_en": "Pathum Ratchawongsa"
    },
    "3428": {
      "name_th": "กิ่งอำเภอศรีหลักชัย",
      "name_en": "Sri Lakchai Minor District"
    },
    "3429": {
      "name_th": "นาเยีย",
      "name_en": "Na Yia"
    },
    "3430": {
      "name_th": "นาตาล",
      "name_en": "Na Tan"
    },
    "3431": {
      "name_th": "เหล่าเสือโก้ก",
      "name_en": "Lao Suea Kok"
    },
    "3432": {
      "name_th": "สว่างวีระวงศ์",
      "name_en": "Sawang Wirawong"
    },
    "3433": {
      "name_th": "น้ำขุ่น",
      "name_en": "Nam Khun"
    },
    "3481": {
      "name_th": "อ.สุวรรณวารี\tจ.อุบลราชธานี",
      "name_en": " "
    }
  },
  "35": {
    "3501": {
      "name_th": "เมืองยโสธร",
      "name_en": "Mueang Yasothon"
    },
    "3502": {
      "name_th": "ทรายมูล",
      "name_en": "Sai Mun"
    },
    "3503": {
      "name_th": "กุดชุม",
      "name_en": "Kut Chum"
    },
    "3504": {
      "name_th": "คำเขื่อนแก้ว",
      "name_en": "Kham Khuean Kaeo"
    },
    "3505": {
      "name_th": "ป่าติ้ว",
      "name_en": "Pa Tio"
    },
    "3506": {
      "name_th": "มหาชนะชัย",
      "name_en": "Maha Chana Chai"
    },
    "3507": {
      "name_th": "ค้อวัง",
      "name_en": "Kho Wang"
    },
    "3508": {
      "name_th": "เลิงนกทา",
      "name_en": "Loeng Nok Tha"
    },
    "3509": {
      "name_th": "ไทยเจริญ",
      "name_en": "Thai Charoen"
    }
  },
  "36": {
    "3601": {
      "name_th": "เมืองชัยภูมิ",
      "name_en": "Mueang Chaiyaphum"
    },
    "3602": {
      "name_th": "บ้านเขว้า",
      "name_en": "Ban Khwao"
    },
    "3603": {
      "name_th": "คอนสวรรค์",
      "name_en": "Khon Sawan"
    },
    "3604": {
      "name_th": "เกษตรสมบูรณ์",
      "name_en": "Kaset Sombun"
    },
    "3605": {
      "name_th": "หนองบัวแดง",
      "name_en": "Nong Bua Daeng"
    },
    "3606": {
      "name_th": "จัตุรัส",
      "name_en": "Chatturat"
    },
    "3607": {
      "name_th": "บำเหน็จณรงค์",
      "name_en": "Bamnet Narong"
    },
    "3608": {
      "name_th": "หนองบัวระเหว",
      "name_en": "Nong Bua Rawe"
    },
    "3609": {
      "name_th": "เทพสถิต",
      "name_en": "Thep Sathit"
    },
    "3610": {
      "name_th": "ภูเขียว",
      "name_en": "Phu Khiao"
    },
    "3611": {
      "name_th": "บ้านแท่น",
      "name_en": "Ban Thaen"
    },
    "3612": {
      "name_th": "แก้งคร้อ",
      "name_en": "Kaeng Khro"
    },
    "3613": {
      "name_th": "คอนสาร",
      "name_en": "Khon San"
    },
    "3614": {
      "name_th": "ภักดีชุมพล",
      "name_en": "Phakdi Chumphon"
    },
    "3615": {
      "name_th": "เนินสง่า",
      "name_en": "Noen Sa-nga"
    },
    "3616": {
      "name_th": "ซับใหญ่",
      "name_en": "Sap Yai"
    },
    "3651": {
      "name_th": "เมืองชัยภูมิ (สาขาตำบลโนนสำราญ)",
      "name_en": "Mueang Chaiyaphum (Non Samran Branch)"
    },
    "3652": {
      "name_th": "สาขาตำบลบ้านหว่าเฒ่า",
      "name_en": "Ban Wa Thao Branch"
    },
    "3653": {
      "name_th": "หนองบัวแดง (สาขาตำบลวังชมภู)",
      "name_en": "Nong Bua Daeng (Wang Chomphu Branch)"
    },
    "3654": {
      "name_th": "กิ่งอำเภอซับใหญ่ (สาขาตำบลซับใหญ่)",
      "name_en": "Sap Yai Minor District (Sap Yai Branch)"
    },
    "3655": {
      "name_th": "สาขาตำบลโคกเพชร",
      "name_en": "Khok Phet Branch"
    },
    "3656": {
      "name_th": "เทพสถิต (สาขาตำบลนายางกลัก)",
      "name_en": "Thep Sathit (Na Yang Klak Branch)"
    },
    "3657": {
      "name_th": "บ้านแท่น (สาขาตำบลบ้านเต่า)",
      "name_en": "Ban Thaen (Ban Tao Branch)"
    },
    "3658": {
      "name_th": "แก้งคร้อ (สาขาตำบลท่ามะไฟหวาน)",
      "name_en": "Kaeng Khro (Tha Mafai Wan Branch)"
    },
    "3659": {
      "name_th": "คอนสาร (สาขาตำบลโนนคูณ)",
      "name_en": "Khon San (Non Khun Branch)"
    }
  },
  "37": {
    "3701": {
      "name_th": "เมืองอำนาจเจริญ",
      "name_en": "Mueang Amnat Charoen"
    },
    "3702": {
      "name_th": "ชานุมาน",
      "name_en": "Chanuman"
    },
    "3703": {
      "name_th": "ปทุมราชวงศา",
      "name_en": "Pathum Ratchawongsa"
    },
    "3704": {
      "name_th": "พนา",
      "name_en": "Phana"
    },
    "3705": {
      "name_th": "เสนางคนิคม",
      "name_en": "Senangkhanikhom"
    },
    "3706": {
      "name_th": "หัวตะพาน",
      "name_en": "Hua Taphan"
    },
    "3707": {
      "name_th": "ลืออำนาจ",
      "name_en": "Lue Amnat"
    }
  },
  "38": {
    "3801": {
      "name_th": "เมืองบึงกาฬ",
      "name_en": "Mueang Bueng Kan"
    },
    "3802": {
      "name_th": "พรเจริญ",
      "name_en": "Phon Charoen"
    },
    "3803": {
      "name_th": "โซ่พิสัย",
      "name_en": "So Phisai"
    },
    "3804": {
      "name_th": "เซกา",
      "name_en": "Seka"
    },
    "3805": {
      "name_th": "ปากคาด",
      "name_en": "Pak Khat"
    },
    "3806": {
      "name_th": "บึงโขงหลง",
      "name_en": "Bueng Khong Long"
    },
    "3807": {
      "name_th": "ศรีวิไล",
      "name_en": "Si Wilai"
    },
    "3808": {
      "name_th": "บุ่งคล้า",
      "name_en": "Bung Khla"
    }
  },
  "39": {
    "3901": {
      "name_th": "เมืองหนองบัวลำภู",
      "name_en": "Mueang Nong Bua Lam Phu"
    },
    "3902": {
      "name_th": "นากลาง",
      "name_en": "Na Klang"
    },
    "3903": {
      "name_th": "โนนสัง",
      "name_en": "Non Sang"
    },
    "3904": {
      "name_th": "ศรีบุญเรือง",
      "name_en": "Si Bun Rueang"
    },
    "3905": {
      "name_th": "สุวรรณคูหา",
      "name_en": "Suwannakhuha"
    },
    "3906": {
      "name_th": "นาวัง",
      "name_en": "Na Wang"
    }
  },
  "40": {
    "4001": {
      "name_th": "เมืองขอนแก่น",
      "name_en": "Mueang Khon Kaen"
    },
    "4002": {
      "name_th": "บ้านฝาง",
      "name_en": "Ban Fang"
    },
    "4003": {
      "name_th": "พระยืน",
      "name_en": "Phra Yuen"
    },
    "4004": {
      "name_th": "หนองเรือ",
      "name_en": "Nong Ruea"
    },
    "4005": {
      "name_th": "ชุมแพ",
      "name_en": "Chum Phae"
    },
    "4006": {
      "name_th": "สีชมพู",
      "name_en": "Si Chomphu"
    },
    "4007": {
      "name_th": "น้ำพอง",
      "name_en": "Nam Phong"
    },
    "4008": {
      "name_th": "อุบลรัตน์",
      "name_en": "Ubolratana"
    },
    "4009": {
      "name_th": "กระนวน",
      "name_en": "Kranuan"
    },
    "4010": {
      "name_th": "บ้านไผ่",
      "name_en": "Ban Phai"
    },
    "4011": {
      "name_th": "เปือยน้อย",
      "name_en": "Pueai Noi"
    },
    "4012": {
      "name_th": "พล",
      "name_en": "Phon"
    },
    "4013": {
      "name_th": "แวงใหญ่",
      "name_en": "Waeng Yai"
    },
    "4014": {
      "name_th": "แวงน้อย",
      "name_en": "Waeng Noi"
    },
    "4015": {
      "name_th": "หนองสองห้อง",
      "name_en": "Nong Song Hong"
    },
    "4016": {
      "name_th": "ภูเวียง",
      "name_en": "Phu Wiang"
    },
    "4017": {
      "name_th": "มัญจาคีรี",
      "name_en": "Mancha Khiri"
    },
    "4018": {
      "name_th": "ชนบท",
      "name_en": "Chonnabot"
    },
    "4019": {
      "name_th": "เขาสวนกวาง",
      "name_en": "Khao Suan Kwang"
    },
    "4020": {
      "name_th": "ภูผาม่าน",
      "name_en": "Phu Pha Man"
    },
    "4021": {
      "name_th": "ซำสูง",
      "name_en": "Sam Sung"
    },
    "4022": {
      "name_th": "โคกโพธิ์ไชย",
      "name_en": "Khok Pho Chai"
    },
    "4023": {
      "name_th": "หนองนาคำ",
      "name_en": "Nong Na Kham"
    },
    "4024": {
      "name_th": "บ้านแฮด",
      "name_en": "Ban Haet"
    },
    "4025": {
      "name_th": "โนนศิลา",
      "name_en": "Non Sila"
    },
    "4029": {
      "name_th": "เวียงเก่า",
      "name_en": "Wiang Kao"
    },
    "4068": {
      "name_th": "ท้องถิ่นเทศบาลตำบลบ้านเป็ด",
      "name_en": "Ban Pet Sub-district Municipality"
    },
    "4098": {
      "name_th": "เทศบาลตำบลเมืองพล",
      "name_en": "Mueang Phon Sub-district Municipality"
    }
  },
  "41": {
    "4101": {
      "name_th": "เมืองอุดรธานี",
      "name_en": "Mueang Udon Thani"
    },
    "4102": {
      "name_th": "กุดจับ",
      "name_en": "Kut Chap"
    },
    "4103": {
      "name_th": "หนองวัวซอ",
      "name_en": "Nong Wua So"
    },
    "4104": {
      "name_th": "กุมภวาปี",
      "name_en": "Kumphawapi"
    },
    "4105": {
      "name_th": "โนนสะอาด",
      "name_en": "Non Sa-at"
    },
    "4106": {
      "name_th": "หนองหาน",
      "name_en": "Nong Han"
    },
    "4107": {
      "name_th": "ทุ่งฝน",
      "name_en": "Thung Fon"
    },
    "4108": {
      "name_th": "ไชยวาน",
      "name_en": "Chai Wan"
    },
    "4109": {
      "name_th": "ศรีธาตุ",
      "name_en": "Si That"
    },
    "4110": {
      "name_th": "วังสามหมอ",
      "name_en": "Wang Sam Mo"
    },
    "4111": {
      "name_th": "บ้านดุง",
      "name_en": "Ban Dung"
    },
    "4112": {
      "name_th": "หนองบัวลำภู",
      "name_en": "Nong Bua Lam Phu"
    },
    "4113": {
      "name_th": "ศรีบุญเรือง",
      "name_en": "Si Bun Rueang"
    },
    "4114": {
      "name_th": "นากลาง",
      "name_en": "Na Klang"
    },
    "4115": {
      "name_th": "สุวรรณคูหา",
      "name_en": "Suwannakhuha"
    },
    "4116": {
      "name_th": "โนนสัง",
      "name_en": "Non Sang"
    },
    "4117": {
      "name_th": "บ้านผือ",
      "name_en": "Ban Phue"
    },
    "4118": {
      "name_th": "น้ำโสม",
      "name_en": "Nam Som"
    },
    "4119": {
      "name_th": "เพ็ญ",
      "name_en": "Phen"
    },
    "4120": {
      "name_th": "สร้างคอม",
      "name_en": "Sang Khom"
    },
    "4121": {
      "name_th": "หนองแสง",
      "name_en": "Nong Saeng"
    },
    "4122": {
      "name_th": "นายูง",
      "name_en": "Na Yung"
    },
    "4123": {
      "name_th": "พิบูลย์รักษ์",
      "name_en": "Phibun Rak"
    },
    "4124": {
      "name_th": "กู่แก้ว",
      "name_en": "Ku Kaeo"
    },
    "4125": {
      "name_th": "ประจักษ์ศิลปาคม",
      "name_en": "Prachaksinlapakhom"
    }
  },
  "42": {
    "4201": {
      "name_th": "เมืองเลย",
      "name_en": "Mueang Loei"
    },
    "4202": {
      "name_th": "นาด้วง",
      "name_en": "Na Duang"
    },
    "4203": {
      "name_th": "เชียงคาน",
      "name_en": "Chiang Khan"
    },
    "4204": {
      "name_th": "ปากชม",
      "name_en": "Pak Chom"
    },
    "4205": {
      "name_th": "ด่านซ้าย",
      "name_en": "Dan Sai"
    },
    "4206": {
      "name_th": "นาแห้ว",
      "name_en": "Na Haeo"
    },
    "4207": {
      "name_th": "ภูเรือ",
      "name_en": "Phu Ruea"
    },
    "4208": {
      "name_th": "ท่าลี่",
      "name_en": "Tha Li"
    },
    "4209": {
      "name_th": "วังสะพุง",
      "name_en": "Wang Saphung"
    },
    "4210": {
      "name_th": "ภูกระดึง",
      "name_en": "Phu Kradueng"
    },
    "4211": {
      "name_th": "ภูหลวง",
      "name_en": "Phu Luang"
    },
    "4212": {
      "name_th": "ผาขาว",
      "name_en": "Pha Khao"
    },
    "4213": {
      "name_th": "เอราวัณ",
      "name_en": "Erawan"
    },
    "4214": {
      "name_th": "หนองหิน",
      "name_en": "Nong Hin"
    }
  },
  "43": {
    "4301": {
      "name_th": "เมืองหนองคาย",
      "name_en": "Mueang Nong Khai"
    },
    "4302": {
      "name_th": "ท่าบ่อ",
      "name_en": "Tha Bo"
    },
    "4303": {
      "name_th": "บึงกาฬ",
      "name_en": "Bueng Kan"
    },
    "4304": {
      "name_th": "พรเจริญ",
      "name_en": "Phon Charoen"
    },
    "4305": {
      "name_th": "โพนพิสัย",
      "name_en": "Phon Phisai"
    },
    "4306": {
      "name_th": "โซ่พิสัย",
      "name_en": "So Phisai"
    },
    "4307": {
      "name_th": "ศรีเชียงใหม่",
      "name_en": "Si Chiang Mai"
    },
    "4308": {
      "name_th": "สังคม",
      "name_en": "Sangkhom"
    },
    "4309": {
      "name_th": "เซกา",
      "name_en": "Seka"
    },
    "4310": {
      "name_th": "ปากคาด",
      "name_en": "Pak Khat"
    },
    "4311": {
      "name_th": "บึงโขงหลง",
      "name_en": "Bueng Khong Long"
    },
    "4312": {
      "name_th": "ศรีวิไล",
      "name_en": "Si Wilai"
    },
    "4313": {
      "name_th": "บุ่งคล้า",
      "name_en": "Bung Khla"
    },
    "4314": {
      "name_th": "สระใคร",
      "name_en": "Sakhrai"
    },
    "4315": {
      "name_th": "เฝ้าไร่",
      "name_en": "Fao Rai"
    },
    "4316": {
      "name_th": "รัตนวาปี",
      "name_en": "Rattanawapi"
    },
    "4317": {
      "name_th": "โพธิ์ตาก",
      "name_en": "Pho Tak"
    }
  },
  "44": {
    "4401": {
      "name_th": "เมืองมหาสารคาม",
      "name_en": "Mueang Maha Sarakham"
    },
    "4402": {
      "name_th": "แกดำ",
      "name_en": "Kae Dam"
    },
    "4403": {
      "name_th": "โกสุมพิสัย",
      "name_en": "Kosum Phisai"
    },
    "4404": {
      "name_th": "กันทรวิชัย",
      "name_en": "Kantharawichai"
    },
    "4405": {
      "name_th": "เชียงยืน",
      "name_en": "Chiang Yuen"
    },
    "4406": {
      "name_th": "บรบือ",
      "name_en": "Borabue"
    },
    "4407": {
      "name_th": "นาเชือก",
      "name_en": "Na Chueak"
    },
    "4408": {
      "name_th": "พยัคฆภูมิพิสัย",
      "name_en": "Phayakkhaphum Phisai"
    },
    "4409": {
      "name_th": "วาปีปทุม",
      "name_en": "Wapi Pathum"
    },
    "4410": {
      "name_th": "นาดูน",
      "name_en": "Na Dun"
    },
    "4411": {
      "name_th": "ยางสีสุราช",
      "name_en": "Yang Si Surat"
    },
    "4412": {
      "name_th": "กุดรัง",
      "name_en": "Kut Rang"
    },
    "4413": {
      "name_th": "ชื่นชม",
      "name_en": "Chuen Chom"
    },
    "4481": {
      "name_th": "หลุบ",
      "name_en": "Lup"
    }
  },
  "45": {
    "4501": {
      "name_th": "เมืองร้อยเอ็ด",
      "name_en": "Mueang Roi Et"
    },
    "4502": {
      "name_th": "เกษตรวิสัย",
      "name_en": "Kaset Wisai"
    },
    "4503": {
      "name_th": "ปทุมรัตต์",
      "name_en": "Pathum Rat"
    },
    "4504": {
      "name_th": "จตุรพักตรพิมาน",
      "name_en": "Chaturaphak Phiman"
    },
    "4505": {
      "name_th": "ธวัชบุรี",
      "name_en": "Thawat Buri"
    },
    "4506": {
      "name_th": "พนมไพร",
      "name_en": "Phanom Phrai"
    },
    "4507": {
      "name_th": "โพนทอง",
      "name_en": "Phon Thong"
    },
    "4508": {
      "name_th": "โพธิ์ชัย",
      "name_en": "Pho Chai"
    },
    "4509": {
      "name_th": "หนองพอก",
      "name_en": "Nong Phok"
    },
    "4510": {
      "name_th": "เสลภูมิ",
      "name_en": "Selaphum"
    },
    "4511": {
      "name_th": "สุวรรณภูมิ",
      "name_en": "Suwannaphum"
    },
    "4512": {
      "name_th": "เมืองสรวง",
      "name_en": "Mueang Suang"
    },
    "4513": {
      "name_th": "โพนทราย",
      "name_en": "Phon Sai"
    },
    "4514": {
      "name_th": "อาจสามารถ",
      "name_en": "At Samat"
    },
    "4515": {
      "name_th": "เมยวดี",
      "name_en": "Moei Wadi"
    },
    "4516": {
      "name_th": "ศรีสมเด็จ",
      "name_en": "Si Somdet"
    },
    "4517": {
      "name_th": "จังหาร",
      "name_en": "Changhan"
    },
    "4518": {
      "name_th": "เชียงขวัญ",
      "name_en": "Chiang Khwan"
    },
    "4519": {
      "name_th": "หนองฮี",
      "name_en": "Nong Hi"
    },
    "4520": {
      "name_th": "ทุ่งเขาหลวง",
      "name_en": "Thung Khao Luang"
    }
  },
  "46": {
    "4601": {
      "name_th": "เมืองกาฬสินธุ์",
      "name_en": "Mueang Kalasin"
    },
    "4602": {
      "name_th": "นามน",
      "name_en": "Na Mon"
    },
    "4603": {
      "name_th": "กมลาไสย",
      "name_en": "Kamalasai"
    },
    "4604": {
      "name_th": "ร่องคำ",
      "name_en": "Rong Kham"
    },
    "4605": {
      "name_th": "กุฉินารายณ์",
      "name_en": "Kuchinarai"
    },
    "4606": {
      "name_th": "เขาวง",
      "name_en": "Khao Wong"
    },
    "4607": {
      "name_th": "ยางตลาด",
      "name_en": "Yang Talat"
    },
    "4608": {
      "name_th": "ห้วยเม็ก",
      "name_en": "Huai Mek"
    },
    "4609": {
      "name_th": "สหัสขันธ์",
      "name_en": "Sahatsakhan"
    },
    "4610": {
      "name_th": "คำม่วง",
      "name_en": "Kham Muang"
    },
    "4611": {
      "name_th": "ท่าคันโท",
      "name_en": "Tha Khantho"
    },
    "4612": {
      "name_th": "หนองกุงศรี",
      "name_en": "Nong Kung Si"
    },
    "4613": {
      "name_th": "สมเด็จ",
      "name_en": "Somdet"
    },
    "4614": {
      "name_th": "ห้วยผึ้ง",
      "name_en": "Huai Phueng"
    },
    "4615": {
      "name_th": "สามชัย",
      "name_en": "Sam Chai"
    },
    "4616": {
      "name_th": "นาคู",
      "name_en": "Na Khu"
    },
    "4617": {
      "name_th": "ดอนจาน",
      "name_en": "Don Chan"
    },
    "4618": {
      "name_th": "ฆ้องชัย",
      "name_en": "Khong Chai"
    }
  },
  "47": {
    "4701": {
      "name_th": "เมืองสกลนคร",
      "name_en": "Mueang Sakon Nakhon"
    },
    "4702": {
      "name_th": "กุสุมาลย์",
      "name_en": "Kusuman"
    },
    "4703": {
      "name_th": "กุดบาก",
      "name_en": "Kut Bak"
    },
    "4704": {
      "name_th": "พรรณานิคม",
      "name_en": "Phanna Nikhom"
    },
    "4705": {
      "name_th": "พังโคน",
      "name_en": "Phang Khon"
    },
    "4706": {
      "name_th": "วาริชภูมิ",
      "name_en": "Waritchaphum"
    },
    "4707": {
      "name_th": "นิคมน้ำอูน",
      "name_en": "Nikhom Nam Un"
    },
    "4708": {
      "name_th": "วานรนิวาส",
      "name_en": "Wanon Niwat"
    },
    "4709": {
      "name_th": "คำตากล้า",
      "name_en": "Kham Ta Kla"
    },
    "4710": {
      "name_th": "บ้านม่วง",
      "name_en": "Ban Muang"
    },
    "4711": {
      "name_th": "อากาศอำนวย",
      "name_en": "Akat Amnuai"
    },
    "4712": {
      "name_th": "สว่างแดนดิน",
      "name_en": "Sawang Daen Din"
    },
    "4713": {
      "name_th": "ส่องดาว",
      "name_en": "Song Dao"
    },
    "4714": {
      "name_th": "เต่างอย",
      "name_en": "Tao Ngoi"
    },
    "4715": {
      "name_th": "โคกศรีสุพรรณ",
      "name_en": "Khok Si Suphan"
    },
    "4716": {
      "name_th": "เจริญศิลป์",
      "name_en": "Charoen Sin"
    },
    "4717": {
      "name_th": "โพนนาแก้ว",
      "name_en": "Phon Na Kaeo"
    },
    "4718": {
      "name_th": "ภูพาน",
      "name_en": "Phu Phan"
    },
    "4751": {
      "name_th": "วานรนิวาส (สาขาตำบลกุดเรือคำ)",
      "name_en": "Wanon Niwat (Kut Ruea Kham Branch)"
    },
    "4781": {
      "name_th": "อ.บ้านหัน\tจ.สกลนคร",
      "name_en": " "
    }
  },
  "48": {
    "4801": {
      "name_th": "เมืองนครพนม",
      "name_en": "Mueang Nakhon Phanom"
    },
    "4802": {
      "name_th": "ปลาปาก",
      "name_en": "Pla Pak"
    },
    "4803": {
      "name_th": "ท่าอุเทน",
      "name_en": "Tha Uthen"
    },
    "4804": {
      "name_th": "บ้านแพง",
      "name_en": "Ban Phaeng"
    },
    "4805": {
      "name_th": "ธาตุพนม",
      "name_en": "That Phanom"
    },
    "4806": {
      "name_th": "เรณูนคร",
      "name_en": "Renu NaKhon"
    },
    "4807": {
      "name_th": "นาแก",
      "name_en": "Na Kae"
    },
    "4808": {
      "name_th": "ศรีสงคราม",
      "name_en": "Si Songkhram"
    },
    "4809": {
      "name_th": "นาหว้า",
      "name_en": "Na Wa"
    },
    "4810": {
      "name_th": "โพนสวรรค์",
      "name_en": "Phon Sawan"
    },
    "4811": {
      "name_th": "นาทม",
      "name_en": "Na Thom"
    },
    "4812": {
      "name_th": "วังยาง",
      "name_en": "Wang Yang"
    }
  },
  "49": {
    "4901": {
      "name_th": "เมืองมุกดาหาร",
      "name_en": "Mueang Mukdahan"
    },
    "4902": {
      "name_th": "นิคมคำสร้อย",
      "name_en": "Nikhom Kham Soi"
    },
    "4903": {
      "name_th": "ดอนตาล",
      "name_en": "Don Tan"
    },
    "4904": {
      "name_th": "ดงหลวง",
      "name_en": "Dong Luang"
    },
    "4905": {
      "name_th": "คำชะอี",
      "name_en": "Khamcha-I"
    },
    "4906": {
      "name_th": "หว้านใหญ่",
      "name_en": "Wan Yai"
    },
    "4907": {
      "name_th": "หนองสูง",
      "name_en": "Nong Sung"
    }
  },
  "50": {
    "5001": {
      "name_th": "เมืองเชียงใหม่",
      "name_en": "Mueang Chiang Mai"
    },
    "5002": {
      "name_th": "จอมทอง",
      "name_en": "Chom Thong"
    },
    "5003": {
      "name_th": "แม่แจ่ม",
      "name_en": "Mae Chaem"
    },
    "5004": {
      "name_th": "เชียงดาว",
      "name_en": "Chiang Dao"
    },
    "5005": {
      "name_th": "ดอยสะเก็ด",
      "name_en": "Doi SaKet"
    },
    "5006": {
      "name_th": "แม่แตง",
      "name_en": "Mae Taeng"
    },
    "5007": {
      "name_th": "แม่ริม",
      "name_en": "Mae Rim"
    },
    "5008": {
      "name_th": "สะเมิง",
      "name_en": "Samoeng"
    },
    "5009": {
      "name_th": "ฝาง",
      "name_en": "Fang"
    },
    "5010": {
      "name_th": "แม่อาย",
      "name_en": "Mae Ai"
    },
    "5011": {
      "name_th": "พร้าว",
      "name_en": "Phrao"
    },
    "5012": {
      "name_th": "สันป่าตอง",
      "name_en": "San Pa Tong"
    },
    "5013": {
      "name_th": "สันกำแพง",
      "name_en": "San Kamphaeng"
    },
    "5014": {
      "name_th": "สันทราย",
      "name_en": "San Sai"
    },
    "5015": {
      "name_th": "หางดง",
      "name_en": "Hang Dong"
    },
    "5016": {
      "name_th": "ฮอด",
      "name_en": "Hot"
    },
    "5017": {
      "name_th": "ดอยเต่า",
      "name_en": "Doi Tao"
    },
    "5018": {
      "name_th": "อมก๋อย",
      "name_en": "Omkoi"
    },
    "5019": {
      "name_th": "สารภี",
      "name_en": "Saraphi"
    },
    "5020": {
      "name_th": "เวียงแหง",
      "name_en": "Wiang Haeng"
    },
    "5021": {
      "name_th": "ไชยปราการ",
      "name_en": "Chai Prakan"
    },
    "5022": {
      "name_th": "แม่วาง",
      "name_en": "Mae Wang"
    },
    "5023": {
      "name_th": "แม่ออน",
      "name_en": "Mae On"
    },
    "5024": {
      "name_th": "ดอยหล่อ",
      "name_en": "Doi Lo"
    },
    "5025": {
      "name_th": "กัลยาณิวัฒนา",
      "name_en": "Galyani Vadhana"
    },
    "5051": {
      "name_th": "เทศบาลนครเชียงใหม่ (สาขาแขวงกาลวิละ",
      "name_en": "Chiang Mai City Municipality (Kan Wi La Branch)"
    },
    "5052": {
      "name_th": "เทศบาลนครเชียงใหม่ (สาขาแขวงศรีวิชั",
      "name_en": "Chiang Mai City Municipality (Si Wichi Branch)"
    },
    "5053": {
      "name_th": "เทศบาลนครเชียงใหม่ (สาขาเม็งราย",
      "name_en": "Chiang Mai City Municipality (Mengrai Branch)"
    }
  },
  "51": {
    "5101": {
      "name_th": "เมืองลำพูน",
      "name_en": "Mueang Lamphun"
    },
    "5102": {
      "name_th": "แม่ทา",
      "name_en": "Mae Tha"
    },
    "5103": {
      "name_th": "บ้านโฮ่ง",
      "name_en": "Ban Hong"
    },
    "5104": {
      "name_th": "ลี้",
      "name_en": "Li"
    },
    "5105": {
      "name_th": "ทุ่งหัวช้าง",
      "name_en": "Thung Hua Chang"
    },
    "5106": {
      "name_th": "ป่าซาง",
      "name_en": "Pa Sang"
    },
    "5107": {
      "name_th": "บ้านธิ",
      "name_en": "Ban Thi"
    },
    "5108": {
      "name_th": "เวียงหนองล่อง",
      "name_en": "Wiang Nong Long"
    }
  },
  "52": {
    "5201": {
      "name_th": "เมืองลำปาง",
      "name_en": "Mueang Lampang"
    },
    "5202": {
      "name_th": "แม่เมาะ",
      "name_en": "Mae Mo"
    },
    "5203": {
      "name_th": "เกาะคา",
      "name_en": "Ko Kha"
    },
    "5204": {
      "name_th": "เสริมงาม",
      "name_en": "Soem Ngam"
    },
    "5205": {
      "name_th": "งาว",
      "name_en": "Ngao"
    },
    "5206": {
      "name_th": "แจ้ห่ม",
      "name_en": "Chae Hom"
    },
    "5207": {
      "name_th": "วังเหนือ",
      "name_en": "Wang Nuea"
    },
    "5208": {
      "name_th": "เถิน",
      "name_en": "Thoen"
    },
    "5209": {
      "name_th": "แม่พริก",
      "name_en": "Mae Phrik"
    },
    "5210": {
      "name_th": "แม่ทะ",
      "name_en": "Mae Tha"
    },
    "5211": {
      "name_th": "สบปราบ",
      "name_en": "Sop Prap"
    },
    "5212": {
      "name_th": "ห้างฉัตร",
      "name_en": "Hang Chat"
    },
    "5213": {
      "name_th": "เมืองปาน",
      "name_en": "Mueang Pan"
    }
  },
  "53": {
    "5301": {
      "name_th": "เมืองอุตรดิตถ์",
      "name_en": "Mueang Uttaradit"
    },
    "5302": {
      "name_th": "ตรอน",
      "name_en": "Tron"
    },
    "5303": {
      "name_th": "ท่าปลา",
      "name_en": "Tha Pla"
    },
    "5304": {
      "name_th": "น้ำปาด",
      "name_en": "Nam Pat"
    },
    "5305": {
      "name_th": "ฟากท่า",
      "name_en": "Fak Tha"
    },
    "5306": {
      "name_th": "บ้านโคก",
      "name_en": "Ban Khok"
    },
    "5307": {
      "name_th": "พิชัย",
      "name_en": "Phichai"
    },
    "5308": {
      "name_th": "ลับแล",
      "name_en": "Laplae"
    },
    "5309": {
      "name_th": "ทองแสนขัน",
      "name_en": "Thong Saen Khan"
    }
  },
  "54": {
    "5401": {
      "name_th": "เมืองแพร่",
      "name_en": "Mueang Phrae"
    },
    "5402": {
      "name_th": "ร้องกวาง",
      "name_en": "Rong Kwang"
    },
    "5403": {
      "name_th": "ลอง",
      "name_en": "Long"
    },
    "5404": {
      "name_th": "สูงเม่น",
      "name_en": "Sung Men"
    },
    "5405": {
      "name_th": "เด่นชัย",
      "name_en": "Den Chai"
    },
    "5406": {
      "name_th": "สอง",
      "name_en": "Song"
    },
    "5407": {
      "name_th": "วังชิ้น",
      "name_en": "Wang Chin"
    },
    "5408": {
      "name_th": "หนองม่วงไข่",
      "name_en": "Nong Muang Khai"
    }
  },
  "55": {
    "5501": {
      "name_th": "เมืองน่าน",
      "name_en": "Mueang Nan"
    },
    "5502": {
      "name_th": "แม่จริม",
      "name_en": "Mae Charim"
    },
    "5503": {
      "name_th": "บ้านหลวง",
      "name_en": "Ban Luang"
    },
    "5504": {
      "name_th": "นาน้อย",
      "name_en": "Na Noi"
    },
    "5505": {
      "name_th": "ปัว",
      "name_en": "Pua"
    },
    "5506": {
      "name_th": "ท่าวังผา",
      "name_en": "Tha Wang Pha"
    },
    "5507": {
      "name_th": "เวียงสา",
      "name_en": "Wiang Sa"
    },
    "5508": {
      "name_th": "ทุ่งช้าง",
      "name_en": "Thung Chang"
    },
    "5509": {
      "name_th": "เชียงกลาง",
      "name_en": "Chiang Klang"
    },
    "5510": {
      "name_th": "นาหมื่น",
      "name_en": "Na Muen"
    },
    "5511": {
      "name_th": "สันติสุข",
      "name_en": "Santi Suk"
    },
    "5512": {
      "name_th": "บ่อเกลือ",
      "name_en": "Bo Kluea"
    },
    "5513": {
      "name_th": "สองแคว",
      "name_en": "Song Khwae"
    },
    "5514": {
      "name_th": "ภูเพียง",
      "name_en": "Phu Phiang"
    },
    "5515": {
      "name_th": "เฉลิมพระเกียรติ",
      "name_en": "Chaloem Phra Kiat"
    }
  },
  "56": {
    "5601": {
      "name_th": "เมืองพะเยา",
      "name_en": "Mueang Phayao"
    },
    "5602": {
      "name_th": "จุน",
      "name_en": "Chun"
    },
    "5603": {
      "name_th": "เชียงคำ",
      "name_en": "Chiang Kham"
    },
    "5604": {
      "name_th": "เชียงม่วน",
      "name_en": "Chiang Muan"
    },
    "5605": {
      "name_th": "ดอกคำใต้",
      "name_en": "Dok Khamtai"
    },
    "5606": {
      "name_th": "ปง",
      "name_en": "Pong"
    },
    "5607": {
      "name_th": "แม่ใจ",
      "name_en": "Mae Chai"
    },
    "5608": {
      "name_th": "ภูซาง",
      "name_en": "Phu Sang"
    },
    "5609": {
      "name_th": "ภูกามยาว",
      "name_en": "Phu Kamyao"
    }
  },
  "57": {
    "5701": {
      "name_th": "เมืองเชียงราย",
      "name_en": "Mueang Chiang Rai"
    },
    "5702": {
      "name_th": "เวียงชัย",
      "name_en": "Wiang Chai"
    },
    "5703": {
      "name_th": "เชียงของ",
      "name_en": "Chiang Khong"
    },
    "5704": {
      "name_th": "เทิง",
      "name_en": "Thoeng"
    },
    "5705": {
      "name_th": "พาน",
      "name_en": "Phan"
    },
    "5706": {
      "name_th": "ป่าแดด",
      "name_en": "Pa Daet"
    },
    "5707": {
      "name_th": "แม่จัน",
      "name_en": "Mae Chan"
    },
    "5708": {
      "name_th": "เชียงแสน",
      "name_en": "Chiang Saen"
    },
    "5709": {
      "name_th": "แม่สาย",
      "name_en": "Mae Sai"
    },
    "5710": {
      "name_th": "แม่สรวย",
      "name_en": "Mae Suai"
    },
    "5711": {
      "name_th": "เวียงป่าเป้า",
      "name_en": "Wiang Pa Pao"
    },
    "5712": {
      "name_th": "พญาเม็งราย",
      "name_en": "Phaya Mengrai"
    },
    "5713": {
      "name_th": "เวียงแก่น",
      "name_en": "Wiang Kaen"
    },
    "5714": {
      "name_th": "ขุนตาล",
      "name_en": "Khun Tan"
    },
    "5715": {
      "name_th": "แม่ฟ้าหลวง",
      "name_en": "Mae Fa Luang"
    },
    "5716": {
      "name_th": "แม่ลาว",
      "name_en": "Mae Lao"
    },
    "5717": {
      "name_th": "เวียงเชียงรุ้ง",
      "name_en": "Wiang Chiang Rung"
    },
    "5718": {
      "name_th": "ดอยหลวง",
      "name_en": "Doi Luang"
    }
  },
  "58": {
    "5801": {
      "name_th": "เมืองแม่ฮ่องสอน",
      "name_en": "Mueang Mae Hong Son"
    },
    "5802": {
      "name_th": "ขุนยวม",
      "name_en": "Khun Yuam"
    },
    "5803": {
      "name_th": "ปาย",
      "name_en": "Pai"
    },
    "5804": {
      "name_th": "แม่สะเรียง",
      "name_en": "Mae Sariang"
    },
    "5805": {
      "name_th": "แม่ลาน้อย",
      "name_en": "Mae La Noi"
    },
    "5806": {
      "name_th": "สบเมย",
      "name_en": "Sop Moei"
    },
    "5807": {
      "name_th": "ปางมะผ้า",
      "name_en": "Pang Mapha"
    },
    "5881": {
      "name_th": "อ.ม่วยต่อ\tจ.แม่ฮ่องสอน",
      "name_en": " "
    }
  },
  "60": {
    "6001": {
      "name_th": "เมืองนครสวรรค์",
      "name_en": "Mueang Nakhon Sawan"
    },
    "6002": {
      "name_th": "โกรกพระ",
      "name_en": "Krok Phra"
    },
    "6003": {
      "name_th": "ชุมแสง",
      "name_en": "Chum Saeng"
    },
    "6004": {
      "name_th": "หนองบัว",
      "name_en": "Nong Bua"
    },
    "6005": {
      "name_th": "บรรพตพิสัย",
      "name_en": "Banphot Phisai"
    },
    "6006": {
      "name_th": "เก้าเลี้ยว",
      "name_en": "Kao Liao"
    },
    "6007": {
      "name_th": "ตาคลี",
      "name_en": "Takhli"
    },
    "6008": {
      "name_th": "ท่าตะโก",
      "name_en": "Tha Tako"
    },
    "6009": {
      "name_th": "ไพศาลี",
      "name_en": "Phaisali"
    },
    "6010": {
      "name_th": "พยุหะคีรี",
      "name_en": "Phayuha Khiri"
    },
    "6011": {
      "name_th": "ลาดยาว",
      "name_en": "Lat Yao"
    },
    "6012": {
      "name_th": "ตากฟ้า",
      "name_en": "Tak Fa"
    },
    "6013": {
      "name_th": "แม่วงก์",
      "name_en": "Mae Wong"
    },
    "6014": {
      "name_th": "แม่เปิน",
      "name_en": "Mae Poen"
    },
    "6015": {
      "name_th": "ชุมตาบง",
      "name_en": "Chum Ta Bong"
    },
    "6051": {
      "name_th": "สาขาตำบลห้วยน้ำหอม",
      "name_en": "Huai Nam Hom Branch"
    },
    "6052": {
      "name_th": "กิ่งอำเภอชุมตาบง (สาขาตำบลชุมตาบง)",
      "name_en": "Chum Ta Bong Minor District (Chum Ta Bong Branch)"
    },
    "6053": {
      "name_th": "แม่วงก์ (สาขาตำบลแม่เล่ย์)",
      "name_en": "Mae Wong (Mae Le Branch)"
    }
  },
  "61": {
    "6101": {
      "name_th": "เมืองอุทัยธานี",
      "name_en": "Mueang Uthai Thani"
    },
    "6102": {
      "name_th": "ทัพทัน",
      "name_en": "Thap Than"
    },
    "6103": {
      "name_th": "สว่างอารมณ์",
      "name_en": "Sawang Arom"
    },
    "6104": {
      "name_th": "หนองฉาง",
      "name_en": "Nong Chang"
    },
    "6105": {
      "name_th": "หนองขาหย่าง",
      "name_en": "Nong Khayang"
    },
    "6106": {
      "name_th": "บ้านไร่",
      "name_en": "Ban Rai"
    },
    "6107": {
      "name_th": "ลานสัก",
      "name_en": "Lan Sak"
    },
    "6108": {
      "name_th": "ห้วยคต",
      "name_en": "Huai Khot"
    }
  },
  "62": {
    "6201": {
      "name_th": "เมืองกำแพงเพชร",
      "name_en": "Mueang Kamphaeng Phet"
    },
    "6202": {
      "name_th": "ไทรงาม",
      "name_en": "Sai Ngam"
    },
    "6203": {
      "name_th": "คลองลาน",
      "name_en": "Khlong Lan"
    },
    "6204": {
      "name_th": "ขาณุวรลักษบุรี",
      "name_en": "Khanu Woralaksaburi"
    },
    "6205": {
      "name_th": "คลองขลุง",
      "name_en": "Khlong Khlung"
    },
    "6206": {
      "name_th": "พรานกระต่าย",
      "name_en": "Phran Kratai"
    },
    "6207": {
      "name_th": "ลานกระบือ",
      "name_en": "Lan Krabue"
    },
    "6208": {
      "name_th": "ทรายทองวัฒนา",
      "name_en": "Sai Thong Watthana"
    },
    "6209": {
      "name_th": "ปางศิลาทอง",
      "name_en": "Pang SiLa Thong"
    },
    "6210": {
      "name_th": "บึงสามัคคี",
      "name_en": "Bueng Samakkhi"
    },
    "6211": {
      "name_th": "โกสัมพีนคร",
      "name_en": "Kosamphi Nakhon"
    }
  },
  "63": {
    "6301": {
      "name_th": "เมืองตาก",
      "name_en": "Mueang Tak"
    },
    "6302": {
      "name_th": "บ้านตาก",
      "name_en": "Ban Tak"
    },
    "6303": {
      "name_th": "สามเงา",
      "name_en": "Sam Ngao"
    },
    "6304": {
      "name_th": "แม่ระมาด",
      "name_en": "Mae Ramat"
    },
    "6305": {
      "name_th": "ท่าสองยาง",
      "name_en": "Tha Song Yang"
    },
    "6306": {
      "name_th": "แม่สอด",
      "name_en": "Mae Sot"
    },
    "6307": {
      "name_th": "พบพระ",
      "name_en": "Phop Phra"
    },
    "6308": {
      "name_th": "อุ้มผาง",
      "name_en": "Umphang"
    },
    "6309": {
      "name_th": "วังเจ้า",
      "name_en": "Wang Chao"
    },
    "6381": {
      "name_th": "กิ่ง อ.ท่าปุย  จ.ตาก",
      "name_en": " "
    }
  },
  "64": {
    "6401": {
      "name_th": "เมืองสุโขทัย",
      "name_en": "Mueang Sukhothai"
    },
    "6402": {
      "name_th": "บ้านด่านลานหอย",
      "name_en": "Ban Dan Lan Hoi"
    },
    "6403": {
      "name_th": "คีรีมาศ",
      "name_en": "Khiri Mat"
    },
    "6404": {
      "name_th": "กงไกรลาศ",
      "name_en": "Kong Krailat"
    },
    "6405": {
      "name_th": "ศรีสัชนาลัย",
      "name_en": "Si Satchanalai"
    },
    "6406": {
      "name_th": "ศรีสำโรง",
      "name_en": "Si Samrong"
    },
    "6407": {
      "name_th": "สวรรคโลก",
      "name_en": "Sawankhalok"
    },
    "6408": {
      "name_th": "ศรีนคร",
      "name_en": "Si Nakhon"
    },
    "6409": {
      "name_th": "ทุ่งเสลี่ยม",
      "name_en": "Thung Saliam"
    }
  },
  "65": {
    "6501": {
      "name_th": "เมืองพิษณุโลก",
      "name_en": "Mueang Phitsanulok"
    },
    "6502": {
      "name_th": "นครไทย",
      "name_en": "Nakhon Thai"
    },
    "6503": {
      "name_th": "ชาติตระการ",
      "name_en": "Chat Trakan"
    },
    "6504": {
      "name_th": "บางระกำ",
      "name_en": "Bang Rakam"
    },
    "6505": {
      "name_th": "บางกระทุ่ม",
      "name_en": "Bang Krathum"
    },
    "6506": {
      "name_th": "พรหมพิราม",
      "name_en": "Phrom Phiram"
    },
    "6507": {
      "name_th": "วัดโบสถ์",
      "name_en": "Wat Bot"
    },
    "6508": {
      "name_th": "วังทอง",
      "name_en": "Wang Thong"
    },
    "6509": {
      "name_th": "เนินมะปราง",
      "name_en": "Noen Maprang"
    }
  },
  "66": {
    "6601": {
      "name_th": "เมืองพิจิตร",
      "name_en": "Mueang Phichit"
    },
    "6602": {
      "name_th": "วังทรายพูน",
      "name_en": "Wang Sai Phun"
    },
    "6603": {
      "name_th": "โพธิ์ประทับช้าง",
      "name_en": "Pho Prathap Chang"
    },
    "6604": {
      "name_th": "ตะพานหิน",
      "name_en": "Taphan Hin"
    },
    "6605": {
      "name_th": "บางมูลนาก",
      "name_en": "Bang Mun Nak"
    },
    "6606": {
      "name_th": "โพทะเล",
      "name_en": "Pho Thale"
    },
    "6607": {
      "name_th": "สามง่าม",
      "name_en": "Sam Ngam"
    },
    "6608": {
      "name_th": "ทับคล้อ",
      "name_en": "Thap Khlo"
    },
    "6609": {
      "name_th": "สากเหล็ก",
      "name_en": "Sak Lek"
    },
    "6610": {
      "name_th": "บึงนาราง",
      "name_en": "Bueng Na Rang"
    },
    "6611": {
      "name_th": "ดงเจริญ",
      "name_en": "Dong Charoen"
    },
    "6612": {
      "name_th": "วชิรบารมี",
      "name_en": "Vajira Barami"
    }
  },
  "67": {
    "6701": {
      "name_th": "เมืองเพชรบูรณ์",
      "name_en": "Mueang Phetchabun"
    },
    "6702": {
      "name_th": "ชนแดน",
      "name_en": "Chon Daen"
    },
    "6703": {
      "name_th": "หล่มสัก",
      "name_en": "Lom Sak"
    },
    "6704": {
      "name_th": "หล่มเก่า",
      "name_en": "Lom Kao"
    },
    "6705": {
      "name_th": "วิเชียรบุรี",
      "name_en": "Wichian Buri"
    },
    "6706": {
      "name_th": "ศรีเทพ",
      "name_en": "Si Thep"
    },
    "6707": {
      "name_th": "หนองไผ่",
      "name_en": "Nong Phai"
    },
    "6708": {
      "name_th": "บึงสามพัน",
      "name_en": "Bueng Sam Phan"
    },
    "6709": {
      "name_th": "น้ำหนาว",
      "name_en": "Nam Nao"
    },
    "6710": {
      "name_th": "วังโป่ง",
      "name_en": "Wang Pong"
    },
    "6711": {
      "name_th": "เขาค้อ",
      "name_en": "Khao Kho"
    }
  },
  "70": {
    "7001": {
      "name_th": "เมืองราชบุรี",
      "name_en": "Mueang Ratchaburi"
    },
    "7002": {
      "name_th": "จอมบึง",
      "name_en": "Chom Bueng"
    },
    "7003": {
      "name_th": "สวนผึ้ง",
      "name_en": "Suan Phueng"
    },
    "7004": {
      "name_th": "ดำเนินสะดวก",
      "name_en": "Damnoen Saduak"
    },
    "7005": {
      "name_th": "บ้านโป่ง",
      "name_en": "Ban Pong"
    },
    "7006": {
      "name_th": "บางแพ",
      "name_en": "Bang Phae"
    },
    "7007": {
      "name_th": "โพธาราม",
      "name_en": "Photharam"
    },
    "7008": {
      "name_th": "ปากท่อ",
      "name_en": "Pak Tho"
    },
    "7009": {
      "name_th": "วัดเพลง",
      "name_en": "Wat Phleng"
    },
    "7010": {
      "name_th": "บ้านคา",
      "name_en": "Ban Kha"
    },
    "7074": {
      "name_th": "ท้องถิ่นเทศบาลตำบลบ้านฆ้อง",
      "name_en": "Ban Khong Sub-district Municipality"
    }
  },
  "71": {
    "7101": {
      "name_th": "เมืองกาญจนบุรี",
      "name_en": "Mueang Kanchanaburi"
    },
    "7102": {
      "name_th": "ไทรโยค",
      "name_en": "Sai Yok"
    },
    "7103": {
      "name_th": "บ่อพลอย",
      "name_en": "Bo Phloi"
    },
    "7104": {
      "name_th": "ศรีสวัสดิ์",
      "name_en": "Si Sawat"
    },
    "7105": {
      "name_th": "ท่ามะกา",
      "name_en": "Tha Maka"
    },
    "7106": {
      "name_th": "ท่าม่วง",
      "name_en": "Tha Muang"
    },
    "7107": {
      "name_th": "ทองผาภูมิ",
      "name_en": "Thong Pha Phum"
    },
    "7108": {
      "name_th": "สังขละบุรี",
      "name_en": "Sangkhla Buri"
    },
    "7109": {
      "name_th": "พนมทวน",
      "name_en": "Phanom Thuan"
    },
    "7110": {
      "name_th": "เลาขวัญ",
      "name_en": "Lao Khwan"
    },
    "7111": {
      "name_th": "ด่านมะขามเตี้ย",
      "name_en": "Dan Makham Tia"
    },
    "7112": {
      "name_th": "หนองปรือ",
      "name_en": "Nong Prue"
    },
    "7113": {
      "name_th": "ห้วยกระเจา",
      "name_en": "Huai Krachao"
    },
    "7151": {
      "name_th": "สาขาตำบลท่ากระดาน",
      "name_en": "Tha Kradan Branch"
    },
    "7181": {
      "name_th": "บ้านทวน  จ.กาญจนบุรี",
      "name_en": " "
    }
  },
  "72": {
    "7201": {
      "name_th": "เมืองสุพรรณบุรี",
      "name_en": "Mueang Suphan Buri"
    },
    "7202": {
      "name_th": "เดิมบางนางบวช",
      "name_en": "Doem Bang Nang Buat"
    },
    "7203": {
      "name_th": "ด่านช้าง",
      "name_en": "Dan Chang"
    },
    "7204": {
      "name_th": "บางปลาม้า",
      "name_en": "Bang Pla Ma"
    },
    "7205": {
      "name_th": "ศรีประจันต์",
      "name_en": "Si Prachan"
    },
    "7206": {
      "name_th": "ดอนเจดีย์",
      "name_en": "Don Chedi"
    },
    "7207": {
      "name_th": "สองพี่น้อง",
      "name_en": "Song Phi Nong"
    },
    "7208": {
      "name_th": "สามชุก",
      "name_en": "Sam Chuk"
    },
    "7209": {
      "name_th": "อู่ทอง",
      "name_en": "U Thong"
    },
    "7210": {
      "name_th": "หนองหญ้าไซ",
      "name_en": "Nong Ya Sai"
    }
  },
  "73": {
    "7301": {
      "name_th": "เมืองนครปฐม",
      "name_en": "Mueang Nakhon Pathom"
    },
    "7302": {
      "name_th": "กำแพงแสน",
      "name_en": "Kamphaeng Saen"
    },
    "7303": {
      "name_th": "นครชัยศรี",
      "name_en": "Nakhon Chai Si"
    },
    "7304": {
      "name_th": "ดอนตูม",
      "name_en": "Don Tum"
    },
    "7305": {
      "name_th": "บางเลน",
      "name_en": "Bang Len"
    },
    "7306": {
      "name_th": "สามพราน",
      "name_en": "Sam Phran"
    },
    "7307": {
      "name_th": "พุทธมณฑล",
      "name_en": "Phutthamonthon"
    }
  },
  "74": {
    "7401": {
      "name_th": "เมืองสมุทรสาคร",
      "name_en": "Mueang Samut Sakhon"
    },
    "7402": {
      "name_th": "กระทุ่มแบน",
      "name_en": "Krathum Baen"
    },
    "7403": {
      "name_th": "บ้านแพ้ว",
      "name_en": "Ban Phaeo"
    }
  },
  "75": {
    "7501": {
      "name_th": "เมืองสมุทรสงคราม",
      "name_en": "Mueang Samut Songkhram"
    },
    "7502": {
      "name_th": "บางคนที",
      "name_en": "Bang Khonthi"
    },
    "7503": {
      "name_th": "อัมพวา",
      "name_en": "Amphawa"
    }
  },
  "76": {
    "7601": {
      "name_th": "เมืองเพชรบุรี",
      "name_en": "Mueang Phetchaburi"
    },
    "7602": {
      "name_th": "เขาย้อย",
      "name_en": "Khao Yoi"
    },
    "7603": {
      "name_th": "หนองหญ้าปล้อง",
      "name_en": "Nong Ya Plong"
    },
    "7604": {
      "name_th": "ชะอำ",
      "name_en": "Cha-am"
    },
    "7605": {
      "name_th": "ท่ายาง",
      "name_en": "Tha Yang"
    },
    "7606": {
      "name_th": "บ้านลาด",
      "name_en": "Ban Lat"
    },
    "7607": {
      "name_th": "บ้านแหลม",
      "name_en": "Ban Laem"
    },
    "7608": {
      "name_th": "แก่งกระจาน",
      "name_en": "Kaeng Krachan"
    }
  },
  "77": {
    "7701": {
      "name_th": "เมืองประจวบคีรีขันธ์",
      "name_en": "Mueang Prachuap Khiri Khan"
    },
    "7702": {
      "name_th": "กุยบุรี",
      "name_en": "Kui Buri"
    },
    "7703": {
      "name_th": "ทับสะแก",
      "name_en": "Thap Sakae"
    },
    "7704": {
      "name_th": "บางสะพาน",
      "name_en": "Bang Saphan"
    },
    "7705": {
      "name_th": "บางสะพานน้อย",
      "name_en": "Bang Saphan Noi"
    },
    "7706": {
      "name_th": "ปราณบุรี",
      "name_en": "Pran Buri"
    },
    "7707": {
      "name_th": "หัวหิน",
      "name_en": "Hua Hin"
    },
    "7708": {
      "name_th": "สามร้อยยอด",
      "name_en": "Sam Roi Yot"
    }
  },
  "80": {
    "8001": {
      "name_th": "เมืองนครศรีธรรมราช",
      "name_en": "Mueang Nakhon Si Thammarat"
    },
    "8002": {
      "name_th": "พรหมคีรี",
      "name_en": "Phrom Khiri"
    },
    "8003": {
      "name_th": "ลานสกา",
      "name_en": "Lan SaKa"
    },
    "8004": {
      "name_th": "ฉวาง",
      "name_en": "Chawang"
    },
    "8005": {
      "name_th": "พิปูน",
      "name_en": "Phipun"
    },
    "8006": {
      "name_th": "เชียรใหญ่",
      "name_en": "Chian Yai"
    },
    "8007": {
      "name_th": "ชะอวด",
      "name_en": "Cha-uat"
    },
    "8008": {
      "name_th": "ท่าศาลา",
      "name_en": "Tha Sala"
    },
    "8009": {
      "name_th": "ทุ่งสง",
      "name_en": "Thung Song"
    },
    "8010": {
      "name_th": "นาบอน",
      "name_en": "Na Bon"
    },
    "8011": {
      "name_th": "ทุ่งใหญ่",
      "name_en": "Thung Yai"
    },
    "8012": {
      "name_th": "ปากพนัง",
      "name_en": "Pak Phanang"
    },
    "8013": {
      "name_th": "ร่อนพิบูลย์",
      "name_en": "Ron Phibun"
    },
    "8014": {
      "name_th": "สิชล",
      "name_en": "Sichon"
    },
    "8015": {
      "name_th": "ขนอม",
      "name_en": "Khanom"
    },
    "8016": {
      "name_th": "หัวไทร",
      "name_en": "Hua Sai"
    },
    "8017": {
      "name_th": "บางขัน",
      "name_en": "Bang Khan"
    },
    "8018": {
      "name_th": "ถ้ำพรรณรา",
      "name_en": "Tham Phannara"
    },
    "8019": {
      "name_th": "จุฬาภรณ์",
      "name_en": "Chulabhorn"
    },
    "8020": {
      "name_th": "พระพรหม",
      "name_en": "Phra Phrom"
    },
    "8021": {
      "name_th": "นบพิตำ",
      "name_en": "Nopphitam"
    },
    "8022": {
      "name_th": "ช้างกลาง",
      "name_en": "Chang Klang"
    },
    "8023": {
      "name_th": "เฉลิมพระเกียรติ",
      "name_en": "Chaloem Phra Kiat"
    },
    "8051": {
      "name_th": "เชียรใหญ่ (สาขาตำบลเสือหึง)",
      "name_en": "Chian Yai (Suea Hueng Branch)"
    },
    "8052": {
      "name_th": "สาขาตำบลสวนหลวง",
      "name_en": "Suan Luang Branch"
    },
    "8053": {
      "name_th": "ร่อนพิบูลย์ (สาขาตำบลหินตก)",
      "name_en": "Ron Phibun (Hin Tok Branch)"
    },
    "8054": {
      "name_th": "หัวไทร (สาขาตำบลควนชะลิก)",
      "name_en": "Hua Sai (Khuan Chalik Branch)"
    },
    "8055": {
      "name_th": "ทุ่งสง (สาขาตำบลกะปาง)",
      "name_en": "Thung Song (Kapang Branch)"
    }
  },
  "81": {
    "8101": {
      "name_th": "เมืองกระบี่",
      "name_en": "Mueang Krabi"
    },
    "8102": {
      "name_th": "เขาพนม",
      "name_en": "Khao Phanom"
    },
    "8103": {
      "name_th": "เกาะลันตา",
      "name_en": "Ko Lanta"
    },
    "8104": {
      "name_th": "คลองท่อม",
      "name_en": "Khlong Thom"
    },
    "8105": {
      "name_th": "อ่าวลึก",
      "name_en": "Ao Luek"
    },
    "8106": {
      "name_th": "ปลายพระยา",
      "name_en": "Plai Phraya"
    },
    "8107": {
      "name_th": "ลำทับ",
      "name_en": "Lam Thap"
    },
    "8108": {
      "name_th": "เหนือคลอง",
      "name_en": "Nuea Khlong"
    }
  },
  "82": {
    "8201": {
      "name_th": "เมืองพังงา",
      "name_en": "Mueang Phang-nga"
    },
    "8202": {
      "name_th": "เกาะยาว",
      "name_en": "Ko Yao"
    },
    "8203": {
      "name_th": "กะปง",
      "name_en": "Kapong"
    },
    "8204": {
      "name_th": "ตะกั่วทุ่ง",
      "name_en": "Takua Thung"
    },
    "8205": {
      "name_th": "ตะกั่วป่า",
      "name_en": "Takua Pa"
    },
    "8206": {
      "name_th": "คุระบุรี",
      "name_en": "Khura Buri"
    },
    "8207": {
      "name_th": "ทับปุด",
      "name_en": "Thap Put"
    },
    "8208": {
      "name_th": "ท้ายเหมือง",
      "name_en": "Thai Mueang"
    }
  },
  "83": {
    "8301": {
      "name_th": "เมืองภูเก็ต",
      "name_en": "Mueang Phuket"
    },
    "8302": {
      "name_th": "กะทู้",
      "name_en": "Kathu"
    },
    "8303": {
      "name_th": "ถลาง",
      "name_en": "Thalang"
    },
    "8381": {
      "name_th": "ทุ่งคา",
      "name_en": "Thung Kha"
    }
  },
  "84": {
    "8401": {
      "name_th": "เมืองสุราษฎร์ธานี",
      "name_en": "Mueang Surat Thani"
    },
    "8402": {
      "name_th": "กาญจนดิษฐ์",
      "name_en": "Kanchanadit"
    },
    "8403": {
      "name_th": "ดอนสัก",
      "name_en": "Don Sak"
    },
    "8404": {
      "name_th": "เกาะสมุย",
      "name_en": "Ko Samui"
    },
    "8405": {
      "name_th": "เกาะพะงัน",
      "name_en": "Ko Pha-ngan"
    },
    "8406": {
      "name_th": "ไชยา",
      "name_en": "Chaiya"
    },
    "8407": {
      "name_th": "ท่าชนะ",
      "name_en": "Tha Chana"
    },
    "8408": {
      "name_th": "คีรีรัฐนิคม",
      "name_en": "Khiri Rat Nikhom"
    },
    "8409": {
      "name_th": "บ้านตาขุน",
      "name_en": "Ban Ta Khun"
    },
    "8410": {
      "name_th": "พนม",
      "name_en": "Phanom"
    },
    "8411": {
      "name_th": "ท่าฉาง",
      "name_en": "Tha Chang"
    },
    "8412": {
      "name_th": "บ้านนาสาร",
      "name_en": "Ban Na San"
    },
    "8413": {
      "name_th": "บ้านนาเดิม",
      "name_en": "Ban Na Doem"
    },
    "8414": {
      "name_th": "เคียนซา",
      "name_en": "Khian Sa"
    },
    "8415": {
      "name_th": "เวียงสระ",
      "name_en": "Wiang Sa"
    },
    "8416": {
      "name_th": "พระแสง",
      "name_en": "Phrasaeng"
    },
    "8417": {
      "name_th": "พุนพิน",
      "name_en": "Phunphin"
    },
    "8418": {
      "name_th": "ชัยบุรี",
      "name_en": "Chai Buri"
    },
    "8419": {
      "name_th": "วิภาวดี",
      "name_en": "Vibhavadi"
    },
    "8451": {
      "name_th": "เกาะพงัน (สาขาตำบลเกาะเต่า)",
      "name_en": "Ko Pha-ngan (Ko Tao Branch)"
    },
    "8481": {
      "name_th": "อ.บ้านดอน\tจ.สุราษฎร์ธานี",
      "name_en": " "
    }
  },
  "85": {
    "8501": {
      "name_th": "เมืองระนอง",
      "name_en": "Mueang Ranong"
    },
    "8502": {
      "name_th": "ละอุ่น",
      "name_en": "La-un"
    },
    "8503": {
      "name_th": "กะเปอร์",
      "name_en": "Kapoe"
    },
    "8504": {
      "name_th": "กระบุรี",
      "name_en": "Kra Buri"
    },
    "8505": {
      "name_th": "สุขสำราญ",
      "name_en": "Suk Samran"
    }
  },
  "86": {
    "8601": {
      "name_th": "เมืองชุมพร",
      "name_en": "Mueang Chumphon"
    },
    "8602": {
      "name_th": "ท่าแซะ",
      "name_en": "Tha Sae"
    },
    "8603": {
      "name_th": "ปะทิว",
      "name_en": "Pathio"
    },
    "8604": {
      "name_th": "หลังสวน",
      "name_en": "Lang Suan"
    },
    "8605": {
      "name_th": "ละแม",
      "name_en": "Lamae"
    },
    "8606": {
      "name_th": "พะโต๊ะ",
      "name_en": "Phato"
    },
    "8607": {
      "name_th": "สวี",
      "name_en": "Sawi"
    },
    "8608": {
      "name_th": "ทุ่งตะโก",
      "name_en": "Thung Tako"
    }
  },
  "90": {
    "9001": {
      "name_th": "เมืองสงขลา",
      "name_en": "Mueang Songkhla"
    },
    "9002": {
      "name_th": "สทิงพระ",
      "name_en": "Sathing Phra"
    },
    "9003": {
      "name_th": "จะนะ",
      "name_en": "Chana"
    },
    "9004": {
      "name_th": "นาทวี",
      "name_en": "Na Thawi"
    },
    "9005": {
      "name_th": "เทพา",
      "name_en": "Thepha"
    },
    "9006": {
      "name_th": "สะบ้าย้อย",
      "name_en": "Saba Yoi"
    },
    "9007": {
      "name_th": "ระโนด",
      "name_en": "Ranot"
    },
    "9008": {
      "name_th": "กระแสสินธุ์",
      "name_en": "Krasae Sin"
    },
    "9009": {
      "name_th": "รัตภูมิ",
      "name_en": "Rattaphum"
    },
    "9010": {
      "name_th": "สะเดา",
      "name_en": "Sadao"
    },
    "9011": {
      "name_th": "หาดใหญ่",
      "name_en": "Hat Yai"
    },
    "9012": {
      "name_th": "นาหม่อม",
      "name_en": "Na Mom"
    },
    "9013": {
      "name_th": "ควนเนียง",
      "name_en": "Khuan Niang"
    },
    "9014": {
      "name_th": "บางกล่ำ",
      "name_en": "Bang Klam"
    },
    "9015": {
      "name_th": "สิงหนคร",
      "name_en": "Singhanakhon"
    },
    "9016": {
      "name_th": "คลองหอยโข่ง",
      "name_en": "Khlong Hoi Khong"
    },
    "9077": {
      "name_th": "ท้องถิ่นเทศบาลตำบลสำนักขาม",
      "name_en": "Samnak Kham Sub-district Municipality"
    },
    "9096": {
      "name_th": "เทศบาลตำบลบ้านพรุ",
      "name_en": "Ban Phru Sub-district Municipality"
    }
  },
  "91": {
    "9101": {
      "name_th": "เมืองสตูล",
      "name_en": "Mueang Satun"
    },
    "9102": {
      "name_th": "ควนโดน",
      "name_en": "Khuan Don"
    },
    "9103": {
      "name_th": "ควนกาหลง",
      "name_en": "Khuan Kalong"
    },
    "9104": {
      "name_th": "ท่าแพ",
      "name_en": "Tha Phae"
    },
    "9105": {
      "name_th": "ละงู",
      "name_en": "La-ngu"
    },
    "9106": {
      "name_th": "ทุ่งหว้า",
      "name_en": "Thung Wa"
    },
    "9107": {
      "name_th": "มะนัง",
      "name_en": "Manang"
    }
  },
  "92": {
    "9201": {
      "name_th": "เมืองตรัง",
      "name_en": "Mueang Trang"
    },
    "9202": {
      "name_th": "กันตัง",
      "name_en": "Kantang"
    },
    "9203": {
      "name_th": "ย่านตาขาว",
      "name_en": "Yan Ta Khao"
    },
    "9204": {
      "name_th": "ปะเหลียน",
      "name_en": "Palian"
    },
    "9205": {
      "name_th": "สิเกา",
      "name_en": "Sikao"
    },
    "9206": {
      "name_th": "ห้วยยอด",
      "name_en": "Huai Yot"
    },
    "9207": {
      "name_th": "วังวิเศษ",
      "name_en": "Wang Wiset"
    },
    "9208": {
      "name_th": "นาโยง",
      "name_en": "Na Yong"
    },
    "9209": {
      "name_th": "รัษฎา",
      "name_en": "Ratsada"
    },
    "9210": {
      "name_th": "หาดสำราญ",
      "name_en": "Hat Samran"
    },
    "9251": {
      "name_th": "อำเภอเมืองตรัง(สาขาคลองเต็ง)",
      "name_en": "Mueang Trang District (Khlong Teng Branch)"
    }
  },
  "93": {
    "9301": {
      "name_th": "เมืองพัทลุง",
      "name_en": "Mueang Phatthalung"
    },
    "9302": {
      "name_th": "กงหรา",
      "name_en": "Kong Ra"
    },
    "9303": {
      "name_th": "เขาชัยสน",
      "name_en": "Khao Chaison"
    },
    "9304": {
      "name_th": "ตะโหมด",
      "name_en": "Tamot"
    },
    "9305": {
      "name_th": "ควนขนุน",
      "name_en": "Khuan Khanun"
    },
    "9306": {
      "name_th": "ปากพะยูน",
      "name_en": "Pak Phayun"
    },
    "9307": {
      "name_th": "ศรีบรรพต",
      "name_en": "Si Banphot"
    },
    "9308": {
      "name_th": "ป่าบอน",
      "name_en": "Pa Bon"
    },
    "9309": {
      "name_th": "บางแก้ว",
      "name_en": "Bang Kaeo"
    },
    "9310": {
      "name_th": "ป่าพะยอม",
      "name_en": "Pa Phayom"
    },
    "9311": {
      "name_th": "ศรีนครินทร์",
      "name_en": "Srinagarindra"
    }
  },
  "94": {
    "9401": {
      "name_th": "เมืองปัตตานี",
      "name_en": "Mueang Pattani"
    },
    "9402": {
      "name_th": "โคกโพธิ์",
      "name_en": "Khok Pho"
    },
    "9403": {
      "name_th": "หนองจิก",
      "name_en": "Nong Chik"
    },
    "9404": {
      "name_th": "ปะนาเระ",
      "name_en": "Panare"
    },
    "9405": {
      "name_th": "มายอ",
      "name_en": "Mayo"
    },
    "9406": {
      "name_th": "ทุ่งยางแดง",
      "name_en": "Thung Yang Daeng"
    },
    "9407": {
      "name_th": "สายบุรี",
      "name_en": "Sai Buri"
    },
    "9408": {
      "name_th": "ไม้แก่น",
      "name_en": "Mai Kaen"
    },
    "9409": {
      "name_th": "ยะหริ่ง",
      "name_en": "Yaring"
    },
    "9410": {
      "name_th": "ยะรัง",
      "name_en": "Yarang"
    },
    "9411": {
      "name_th": "กะพ้อ",
      "name_en": "Kapho"
    },
    "9412": {
      "name_th": "แม่ลาน",
      "name_en": "Mae Lan"
    }
  },
  "95": {
    "9501": {
      "name_th": "เมืองยะลา",
      "name_en": "Mueang Yala"
    },
    "9502": {
      "name_th": "เบตง",
      "name_en": "Betong"
    },
    "9503": {
      "name_th": "บันนังสตา",
      "name_en": "Bannang Sata"
    },
    "9504": {
      "name_th": "ธารโต",
      "name_en": "Than To"
    },
    "9505": {
      "name_th": "ยะหา",
      "name_en": "Yaha"
    },
    "9506": {
      "name_th": "รามัน",
      "name_en": "Raman"
    },
    "9507": {
      "name_th": "กาบัง",
      "name_en": "Kabang"
    },
    "9508": {
      "name_th": "กรงปินัง",
      "name_en": "Krong Pinang"
    }
  },
  "96": {
    "9601": {
      "name_th": "เมืองนราธิวาส",
      "name_en": "Mueang Narathiwat"
    },
    "9602": {
      "name_th": "ตากใบ",
      "name_en": "Tak Bai"
    },
    "9603": {
      "name_th": "บาเจาะ",
      "name_en": "Bacho"
    },
    "9604": {
      "name_th": "ยี่งอ",
      "name_en": "Yi-ngo"
    },
    "9605": {
      "name_th": "ระแงะ",
      "name_en": "Ra-ngae"
    },
    "9606": {
      "name_th": "รือเสาะ",
      "name_en": "Rueso"
    },
    "9607": {
      "name_th": "ศรีสาคร",
      "name_en": "Si Sakhon"
    },
    "9608": {
      "name_th": "แว้ง",
      "name_en": "Waeng"
    },
    "9609": {
      "name_th": "สุคิริน",
      "name_en": "Sukhirin"
    },
    "9610": {
      "name_th": "สุไหงโก-ลก",
      "name_en": "Su-ngai Kolok"
    },
    "9611": {
      "name_th": "สุไหงปาดี",
      "name_en": "Su-ngai Padi"
    },
    "9612": {
      "name_th": "จะแนะ",
      "name_en": "Chanae"
    },
    "9613": {
      "name_th": "เจาะไอร้อง",
      "name_en": "Cho-airong"
    },
    "9681": {
      "name_th": "อ.บางนรา  จ.นราธิวาส",
      "name_en": " "
    }
  }
}